doc_id	title	year	journal_label	gcs_key	file_size_bytes	checksum	doc_type	page_count	text_page_count	raster_page_count	image_count	table_candidate_count	fonts_missing_unicode_map_count	estimated_tokens	token_model	context_cache_eligible	profile_version	profiled_at
$Ancient_Indian_Astronomy_in_Vedic_Texts	Ancient Indian Astronomy in Vedic Texts	2016.0	International Conference on Oriental Astronomy	other/$Ancient_Indian_Astronomy_in_Vedic_Texts.pdf														
$Parasara_Tantra_an_Ancient_Text_on_Natur	Parasara Tantra an Ancient Text on Natural Sciences	2014.0	SATAS Symposium	other/$Parasara_Tantra_an_Ancient_Text_on_Natur.pdf														
$T_A_T_T_V_A_D_E_P_A_H_Journal_of_Academy	Vṛddhagārgīya Jyotiṣa (Part 1): Introduction	2019.0	Tattvadipa 25 (1)	other/$T_A_T_T_V_A_D_E_P_A_H_Journal_of_Academy.pdf														
$Vddhagargiya_Jyotisa_2_Continued_from_p	Vṛddhagārgīya Jyotiṣa (Part 2): Nakṣatra-karma-guṇa	2019.0	Tattvadipa 25 (2)	other/$Vddhagargiya_Jyotisa_2_Continued_from_p.pdf														
01-43539_2024_127_OnlinePDF123-142	Turagagati method for 4 × 4 pandiagonal magic squares by Nārāyana Pandita	2024	IJHS-59-2024-Issue-2	ijhs/01-43539_2024_127_OnlinePDF123-142.pdf														
01-IJHS59_1	Markers and agencies of anisotropy in the Indus sign system	2024	IJHS-59-2024-Issue-1	ijhs/01-IJHS59_1.pdf														
01_58_4	Equinoctial full moon of the Brahmāṇḍa Purāṇa and the nakṣatra solar zodiac starting from summer...	2023	IJHS-58-2023-Issue-4	ijhs/01_58_4.pdf														
01_IJHS59_4	Understanding the bead drilling technology of the Harappans and the technological transformations...	2024	IJHS-59-2024-Issue-4	ijhs/01_IJHS59_4.pdf														
02-43539_2024_121_OnlinePDF143-158	Locating Indian knowledge in modern libraries: Incorporating the traditional classification of ...	2024	IJHS-59-2024-Issue-2	ijhs/02-43539_2024_121_OnlinePDF143-158.pdf														
02-58_4	Construction and application of third diagonal in cyclic quadrilaterals by Nārāyaṇa Paṇḍita	2023	IJHS-58-2023-Issue-4	ijhs/02-58_4.pdf														
02-IJHS59_2	Historical account of entomophagy among the Apatani tribe of Arunachal Pradesh: Current status...	2024	IJHS-59-2024-Issue-1	ijhs/02-IJHS59_2.pdf														
02_IJHS59_4	Mineral acids in ancient Indian texts: A historical perspective and contemporary validation	2024	IJHS-59-2024-Issue-4	ijhs/02_IJHS59_4.pdf														
03-43539_2024_123_OnlinePDF159-164	The Ukãy, Salvadora persica (Salvadoraceae): Historical and literary evidence...	2024	IJHS-59-2024-Issue-2	ijhs/03-43539_2024_123_OnlinePDF159-164.pdf														
03-58_4	Composition and characterisation of ancient lime mortar of Gopal Krishna temple, Alandi, India	2023	IJHS-58-2023-Issue-4	ijhs/03-58_4.pdf														
03-IJHS59_1	Infl uences of botanical knowledge from the East in the colonial medical developments: A case ...	2024	IJHS-59-2024-Issue-1	ijhs/03-IJHS59_1.pdf														
03_IJHS59_4	Symmetry in Bharata’s Yamaka: A mathematical analysis	2024	IJHS-59-2024-Issue-4	ijhs/03_IJHS59_4.pdf														
04-43539_2024_126_OnlinePDF165-177	Politics, industrialization and technical education in colonial India: A case study of Imperial Inst	2024	IJHS-59-2024-Issue-2	ijhs/04-43539_2024_126_OnlinePDF165-177.pdf														
04-58_4	Reinvestigating the science and engineering behind the architectural marvels of Ahom dynasty in...	2023	IJHS-58-2023-Issue-4	ijhs/04-58_4.pdf														
04-IJHS59_1	Dr. Suresh Prasad Sarbadhikari (1866–1921): A legendary surgeon and a Bengali pioneer of ovariotomy	2024	IJHS-59-2024-Issue-1	ijhs/04-IJHS59_1.pdf														
04_IJHS59_4	Jagadis Bose’s engagement with the automata tradition	2024	IJHS-59-2024-Issue-4	ijhs/04_IJHS59_4.pdf														
05-43539_2024_122_OnlinePDF178-191	Displacement and sovereignty: Raja of Bilaspur and the Bhakra dam (1908–1947)	2024	IJHS-59-2024-Issue-2	ijhs/05-43539_2024_122_OnlinePDF178-191.pdf														
05-58_4	Restoration and conservation of Sāncipāt manuscripts of Assam for preserving in ordinary rural setup	2023	IJHS-58-2023-Issue-4	ijhs/05-58_4.pdf														
05-IJHS59_1	Jhum: An indigenous method of cultivation and British attitude towards it in Colonial Assam	2024	IJHS-59-2024-Issue-1	ijhs/05-IJHS59_1.pdf														
05_IJHS59_4	When steam saved time in kitchen: Cooking with Icmic Cooker in twentieth century Bengal	2024	IJHS-59-2024-Issue-4	ijhs/05_IJHS59_4.pdf														
06-43539_2024_120_OnlinePDF192-203	Indigenous knowledge for sustainable development: A case study of Kurmi Mahatos	2024	IJHS-59-2024-Issue-2	ijhs/06-43539_2024_120_OnlinePDF192-203.pdf														
06-58_4	Historical Note: Origin, introduction, and cultural history of capsicum in India	2023	IJHS-58-2023-Issue-4	ijhs/06-58_4.pdf														
06-IJHS59_1	Questioning Basalla’s question (yet again): The view from cognitive	2024	IJHS-59-2024-Issue-1	ijhs/06-IJHS59_1.pdf														
06_IJHS59_4	Empowering women with science in a colonial context: The role of Bāmābodhinī Patrikā (1863–1922)...	2024	IJHS-59-2024-Issue-4	ijhs/06_IJHS59_4.pdf														
07-43539_2024_125_OnlinePDF204-215	Brief history of semiconductor science and technology and India’s role in the decade after the inven	2024	IJHS-59-2024-Issue-2	ijhs/07-43539_2024_125_OnlinePDF204-215.pdf														
07-58_4	Book Review: History of the climate change on the Coromandel Coast (Ninth‒Nineteenth Centuries...	2023	IJHS-58-2023-Issue-4	ijhs/07-58_4.pdf														
07-IJHS59_1	Relevance of Ayurvedic prakṛti in literary studies with special reference to major characters of ...	2024	IJHS-59-2024-Issue-1	ijhs/07-IJHS59_1.pdf														
07_IJHS59_4	Gender, religion, and medicine: white women missionaries in colonial Bengal, 1880s–1940s	2024	IJHS-59-2024-Issue-4	ijhs/07_IJHS59_4.pdf														
08-43539_2024_124_OnlinePDF216-222	Historical Note: Yellapragada Subba Rao: The Unsung Hero of Science	2024	IJHS-59-2024-Issue-2	ijhs/08-43539_2024_124_OnlinePDF216-222.pdf														
08-58_4	Book Review: Evolution of Neurosciences by P. N. Tandon and P. Sarat Chandra	2023	IJHS-58-2023-Issue-4	ijhs/08-58_4.pdf														
08-IJHS59_1	Historical Note: Pathway to Devasthal astronomical observatory, ARIES	2024	IJHS-59-2024-Issue-1	ijhs/08-IJHS59_1.pdf														
08_IJHS59_4	Book Review: Empire and leprosy in colonial Bengal by Apalak Das, Abingdon, Oxon	2024	IJHS-59-2024-Issue-4	ijhs/08_IJHS59_4.pdf														
09-43539_2024_129_OnlinePDF223-224	Book Review: History of science, technology, environment, and medicine in India	2024	IJHS-59-2024-Issue-2	ijhs/09-43539_2024_129_OnlinePDF223-224.pdf														
09-58_4	Project Report: The practice of folk medicine by the indigenous people of Sundarbans: A historical..	2023	IJHS-58-2023-Issue-4	ijhs/09-58_4.pdf														
09-IJHS59_1	Book Review: Engineering education in India: Past, present and future	2024	IJHS-59-2024-Issue-1	ijhs/09-IJHS59_1.pdf														
09_IJHS59_4	Project Report: Wildlife trapping technology of Arunachal Pradesh	2024	IJHS-59-2024-Issue-4	ijhs/09_IJHS59_4.pdf														
0__Content	Contents	2021	IJHS-56-2021-Issue-2	ijhs/0__Content.pdf														
1	Transit of sun through the seasonal naksatra cycle in the Vrddha-Gārgīya Jyotisa	2021	IJHS-56-2021-Issue-3&4	ijhs/1.pdf														
1-13	Precise Determination of the Ascendant in the Lagnaprakaraṇa-IV	2021	IJHS-56-2021-issue-1	ijhs/1-13.pdf														
10-43539_2024_128_OnlinePDF225-232	Project Report: Plants of Atharvaveda: Their descriptions and medicinal uses	2024	IJHS-59-2024-Issue-2	ijhs/10-43539_2024_128_OnlinePDF225-232.pdf														
10-58_4	Correction: Geometry of prāṇakalāntara in the Lagnaprakaraṇa	2023	IJHS-58-2023-Issue-4	ijhs/10-58_4.pdf														
10-IJHS59_1	Book Review: Science, war and imperialism: India in the second world war	2024	IJHS-59-2024-Issue-1	ijhs/10-IJHS59_1.pdf														
11-IJHS59_1	Project Report: Archiving the work of Dr. Subhas Mukherjee: The architect of India’s test tube baby	2024	IJHS-59-2024-Issue-1	ijhs/11-IJHS59_1.pdf														
13-Books%20Received%20for%20Review	Books Received (2017)	2017	IJHS-52-2017-Issue-4	ijhs/13-Books%20Received%20for%20Review.pdf														
14-19	Could the “Case for Revising the Date of Vedāṅga Jyotiṣa” be Flawed?	2021	IJHS-56-2021-issue-1	ijhs/14-19.pdf														
17-Cumulativeindex	Cumulative Index	2017	IJHS-52-2017-Issue-4	ijhs/17-Cumulativeindex.pdf														
18-Contentsall	Annual Contents	2017	IJHS-52-2017-Issue-4	ijhs/18-Contentsall.pdf														
1_PM%20Dolas	Astronomical clues in unicorn iconography of the Harappan civilization	2022	IJHS-57-2022-Issue-1	ijhs/1_PM%20Dolas.pdf														
1__Mahesh	Elegant dissection proofs for algebraic identities in Nīlakantha's Āryabhatīyabhāsya	2021	IJHS-56-2021-Issue-2	ijhs/1__Mahesh.pdf														
2	Combinatorial techniques in Munīśvara’s Nisṛṣṭārthadūtī	2021	IJHS-56-2021-Issue-3&4	ijhs/2.pdf														
20-27	Genius and Premature Birth: Little Evidence that Claims About Historically Eminent Scientists are...	2021	IJHS-56-2021-issue-1	ijhs/20-27.pdf														
28-36	Whiggism, Creativity and the Historiography of Technoscience	2021	IJHS-56-2021-issue-1	ijhs/28-36.pdf														
2_NC%20Shah	The identification, etymology and uses of Bombax ceiba (semal) sold by street vendors as Semarkanda	2022	IJHS-57-2022-Issue-1	ijhs/2_NC%20Shah.pdf														
2__Chauthaiwale	Computing the number of perfumes that constitute the gandhārṇava and kacchapuṭa of Varāhamihira	2021	IJHS-56-2021-Issue-2	ijhs/2__Chauthaiwale.pdf														
3	The production of crucible steel by the ‘Mysore process’ at Ghattihosahalli, Chitradurga District...	2021	IJHS-56-2021-Issue-3&4	ijhs/3.pdf														
35-Contentsall	Annual Contents	2018	IJHS-53-2018-Issue-4	ijhs/35-Contentsall.pdf														
37-48	Putting Nicobar Islands on the Map: Intersections of Colonial Knowledge, Trade and...	2021	IJHS-56-2021-issue-1	ijhs/37-48.pdf														
3_F%20Di%20Giacomo	On some analogies of modern science with Plato’s science in Timaeus and on Plato’s influence...	2022	IJHS-57-2022-Issue-1	ijhs/3_F%20Di%20Giacomo.pdf														
3__Thomas	Parallels of Gundestrup cauldron interior art with Indic motifs	2021	IJHS-56-2021-Issue-2	ijhs/3__Thomas.pdf														
4	Indigenous knowledge on ancient Indian alchemical alloying	2021	IJHS-56-2021-Issue-3&4	ijhs/4.pdf														
49-59	An Assessment of Environment Friendly Methods of Khadi Manufacturing	2021	IJHS-56-2021-issue-1	ijhs/49-59.pdf														
4_S%20Dasgupta	Jagadis Bose’s panvitalism as intellectual history	2022	IJHS-57-2022-Issue-1	ijhs/4_S%20Dasgupta.pdf														
4__Sasisekaran	Archaeo-metallurgical study on two early historic punch marked coins	2021	IJHS-56-2021-Issue-2	ijhs/4__Sasisekaran.pdf														
5	Formation-to-fall: natural history and the journey of a lesser-known genus of orchids, Monomeria	2021	IJHS-56-2021-Issue-3&4	ijhs/5.pdf														
57_2_1	Skin disorders (twak rogas) revealed in the Atharvaveda:Descriptions of medicinal plants and utiliza	2022	IJHS-57-2022-Issue-2	ijhs/57_2_1.pdf														
57_2_10	Let There Be Light: Engineering, Entrepreneurship and Electricity in Colonial Bengal 1880–1945 by Su	2022	IJHS-57-2022-Issue-2	ijhs/57_2_10.pdf														
57_2_2	Therapeutic elements of music in ancient India: a brief review in Bṛhattrayī	2022	IJHS-57-2022-Issue-2	ijhs/57_2_2.pdf														
57_2_3	Insight into history of Areca nut and oral submucous fibrosis: a narrative review	2022	IJHS-57-2022-Issue-2	ijhs/57_2_3.pdf														
57_2_4	Medical profession and unemployment in colonial Madras (1835–1930)	2022	IJHS-57-2022-Issue-2	ijhs/57_2_4.pdf														
57_2_5	Modernization of leather industry and chequered history of technical education in colonial Kanpur	2022	IJHS-57-2022-Issue-2	ijhs/57_2_5.pdf														
57_2_6	Fishing, migration, and settlement: a study of Kaibartas in Majuli Island, Assam	2022	IJHS-57-2022-Issue-2	ijhs/57_2_6.pdf														
57_2_7	Translation of Newton’s Principia into Arabic under the aegis of the East India Company: a rumour tu	2022	IJHS-57-2022-Issue-2	ijhs/57_2_7.pdf														
57_2_8	Dr. Chunilal Bose: a forgotten scientist and a science communicator	2022	IJHS-57-2022-Issue-2	ijhs/57_2_8.pdf														
57_2_9	Contribution of Satyendra Nath Bose in chemical sciences and related disciplines	2022	IJHS-57-2022-Issue-2	ijhs/57_2_9.pdf														
57_2_Content	Content	2022	IJHS-57-2022-Issue-2	ijhs/57_2_Content.pdf														
57_3_1	Indus zoomorphism and its avatars	2022	IJHS-57-2022-Issue-3	ijhs/57_3_1.pdf														
57_3_2	Reassessing European impressions of Indian astronomy (1750–1850)	2022	IJHS-57-2022-Issue-3	ijhs/57_3_2.pdf														
57_3_3	The origins of scientific disciplines: a counter-history of western science	2022	IJHS-57-2022-Issue-3	ijhs/57_3_3.pdf														
57_3_4	Cattle plague and the introduction of veterinary education in colonial Bengal	2022	IJHS-57-2022-Issue-3	ijhs/57_3_4.pdf														
57_3_5	Technological modifi cations in the tanning and leather industry from pre-British to colonial Punjab	2022	IJHS-57-2022-Issue-3	ijhs/57_3_5.pdf														
57_3_6	Meghnad Saha, F.R.S.: the multiple facets of a teacher	2022	IJHS-57-2022-Issue-3	ijhs/57_3_6.pdf														
57_3_7	History of ARIES: a premier research institute in the area of observational sciences	2022	IJHS-57-2022-Issue-3	ijhs/57_3_7.pdf														
57_3_8	Ethno-medico-botanical studies of Eruliga and Lambani tribes of Kanakapura taluk of Ramanagara distr	2022	IJHS-57-2022-Issue-3	ijhs/57_3_8.pdf														
57_3_Content	Content	2022	IJHS-57-2022-Issue-3	ijhs/57_3_Content.pdf														
57_4_1	Representation of the midnight sun in Greek and Indian astronomical texts	2022	IJHS-57-2022-Issue-4	ijhs/57_4_1.pdf														
57_4_10	Lalit K. Gurjar M.Sc.	2022	IJHS-57-2022-Issue-4	ijhs/57_4_10.pdf														
57_4_2	Documenting Flora Indica: Dysentery, William Roxburgh and medical botany	2022	IJHS-57-2022-Issue-4	ijhs/57_4_2.pdf														
57_4_3	Physics and physicists at Banaras Hindu University: circa 1916–1960	2022	IJHS-57-2022-Issue-4	ijhs/57_4_3.pdf														
57_4_4	Dr. Gopaul Chunder Roy (1844–1887): An extraordinary life dedicated to the cause of medical science	2022	IJHS-57-2022-Issue-4	ijhs/57_4_4.pdf														
57_4_5	A review on rock paintings of India: Technique, pigment and conservation	2022	IJHS-57-2022-Issue-4	ijhs/57_4_5.pdf														
57_4_6	Journey of natural pigments from ancient antiquity to present: Insights on sustainable development	2022	IJHS-57-2022-Issue-4	ijhs/57_4_6.pdf														
57_4_7	Perspective and retrospective of the Indian Social Science Academy, Allahabad, India	2022	IJHS-57-2022-Issue-4	ijhs/57_4_7.pdf														
57_4_8	Gaṇitagannaḍi: An astronomical text of 1604 CE in Kannada by Śankaranārāyaṇa Joisaru of Śṛngeri	2022	IJHS-57-2022-Issue-4	ijhs/57_4_8.pdf														
57_4_9	The status of tribal medical system and practices in the Jungle Mahals, Eastern India, 1947–2000	2022	IJHS-57-2022-Issue-4	ijhs/57_4_9.pdf														
57_4_Content	Content	2022	IJHS-57-2022-Issue-4	ijhs/57_4_Content.pdf														
58-1_11	Project Report: Science in the forest management in colonial Assam (1826–1947)	2023	IJHS-58-2023-Issue-1	ijhs/58-1_11.pdf														
58_1_1	Calculation for ‘chain‑reduction’ in the Triśatībhāṣya	2023	IJHS-58-2023-Issue-1	ijhs/58_1_1.pdf														
58_1_10	Book Review: Science and religion in India...	2023	IJHS-58-2023-Issue-1	ijhs/58_1_10.pdf														
58_1_2	Object‑numerals as listed in Nijaguṇa Śivayogī ’s Viveka‑Cintāmaṇi	2023	IJHS-58-2023-Issue-1	ijhs/58_1_2.pdf														
58_1_3	An intellectual history of P.C. Ray’s papers on the nitrites of mercury	2023	IJHS-58-2023-Issue-1	ijhs/58_1_3.pdf														
58_1_4	Use of animals in the health management of elephants in medieval period of Assam, India	2023	IJHS-58-2023-Issue-1	ijhs/58_1_4.pdf														
58_1_5	History of an observatory on the Agasthiyar hill top	2023	IJHS-58-2023-Issue-1	ijhs/58_1_5.pdf														
58_1_6	Indigenous poison healing traditions in Kerala	2023	IJHS-58-2023-Issue-1	ijhs/58_1_6.pdf														
58_1_7	Food, water and intoxicants in the battlefield practices of Rajasthan	2023	IJHS-58-2023-Issue-1	ijhs/58_1_7.pdf														
58_1_8	Historical Note: Hundred years of geophysics (1834–1933)	2023	IJHS-58-2023-Issue-1	ijhs/58_1_8.pdf														
58_1_9	Historical Note: From forest to plantation: a brief history of the rubber tree	2023	IJHS-58-2023-Issue-1	ijhs/58_1_9.pdf														
58_1_Content	Contents	2023	IJHS-58-2023-Issue-1	ijhs/58_1_Content.pdf														
5_P%20Sharma	Satellite Instructional Television Experiment (SITE): a case study in the triumphs and...	2022	IJHS-57-2022-Issue-1	ijhs/5_P%20Sharma.pdf														
5__Jitendra	Colonization of personality psychology in India: historical roots and contemporary status	2021	IJHS-56-2021-Issue-2	ijhs/5__Jitendra.pdf														
6	Historical Note: Microstructural analysis and characterization of lime mortar of seventeenth...	2021	IJHS-56-2021-Issue-3&4	ijhs/6.pdf														
60-64	Historical Notes: A Brief History of the Fertilizer Nitrogen	2021	IJHS-56-2021-issue-1	ijhs/60-64.pdf														
65-69	Historical Notes: A papier-maché Human Anatomical Model used in the Madras Medical Establishment...	2021	IJHS-56-2021-issue-1	ijhs/65-69.pdf														
6_R%20Ghosh	Contribution of Sir P.C. Rây in preparing chemical bombs and explosives for Indian freedom fighters	2022	IJHS-57-2022-Issue-1	ijhs/6_R%20Ghosh.pdf														
6__Arnab%20Rai%20Choudhuri	Unsuccessful FRS nominations from colonial India	2021	IJHS-56-2021-Issue-2	ijhs/6__Arnab%20Rai%20Choudhuri.pdf														
7	Correspondence: A remark on the editorial “Indo-European encounter and features of modern science...	2021	IJHS-56-2021-Issue-3&4	ijhs/7.pdf														
7_MA%20Wani	Colonial masculinity and indigenous sikārī: a history of sport-hunting in Kashmir during Dogra rule	2022	IJHS-57-2022-Issue-1	ijhs/7_MA%20Wani.pdf														
7__Satyanad	Book Review- Karanapaddhati of Putumana Somayājī by Venketeswara Pai...	2021	IJHS-56-2021-Issue-2	ijhs/7__Satyanad.pdf														
8	Project Report: Hati Puthi: the medieval Assamese manuscripts on elephant training and treatment	2021	IJHS-56-2021-Issue-3&4	ijhs/8.pdf														
8_S%20Kulangara	Historical Note- Jvaranirnaya: a rare monograph on diagnosis of fevers from the pre-colonial era	2022	IJHS-57-2022-Issue-1	ijhs/8_S%20Kulangara.pdf														
8__Maidul	Project Report: Institutionalization of veterinary science in colonial India	2021	IJHS-56-2021-Issue-2	ijhs/8__Maidul.pdf														
9_B%20Goswami	Book Review: Essays in History of Sciences in India: Agriculture, Medicine, Alchemical and...	2022	IJHS-57-2022-Issue-1	ijhs/9_B%20Goswami.pdf														
A_Comparitive_analysis_of_Kamsavadha_episode_in_Puranic_Texts	A Comparative Analysis of the Kaṁsavadha Episode Across Various Purāṇic Texts	2024.0	Shodhsamhita XI.2	other/A_Comparitive_analysis_of_Kamsavadha_episode_in_Puranic_Texts.pdf														
A_nonlinear_system_under_combined_period	A nonlinear system under combined periodic and random excitation	1986.0	Journal of Statistical Physics, 44.5/6	other/A_nonlinear_system_under_combined_period.pdf														
Application_of_principal_component_analy	Application of principal component analysis to understand variability of rainfall	1991.0	Proc. Indian Acad. Sci. (Earth Planet. Sci.) 100.2	other/Application_of_principal_component_analy.pdf														
Cluster_analysis_of_rainfall_stations_of	Cluster analysis of rainfall stations of the Indian peninsula	1980.0	Quart. J. R. Met. Soc. 106	other/Cluster_analysis_of_rainfall_stations_of.pdf														
Comparison_of_Seismic_Qualification_Chal	Comparison of Seismic Qualification Challenges	2015.0	SMiRT Conference	other/Comparison_of_Seismic_Qualification_Chal.pdf														
Concept_of_Probability_in_Sanskrit_Texts	Concept of Probability in Sanskrit Texts	2017.0	ICPR Seminar	other/Concept_of_Probability_in_Sanskrit_Texts.pdf														
Content	Contents	2021	IJHS-56-2021-issue-1	ijhs/Content.pdf														
Contents	Contents	2017	IJHS-52-2017-Issue-4	ijhs/Contents.pdf														
Contents_58-3	Contents	2023	IJHS-58-2023-Issue-3	ijhs/Contents_58-3.pdf														
Contents_58_4IJHS	Contents	2023	IJHS-58-2023-Issue-4	ijhs/Contents_58_4IJHS.pdf														
Contents_59_1_ijhs	Contents	2024	IJHS-59-2024-Issue-1	ijhs/Contents_59_1_ijhs.pdf														
Contents_59_2_ijhs	Contents	2024	IJHS-59-2024-Issue-2	ijhs/Contents_59_2_ijhs.pdf														
Contents_IJHS_59_3	Contents	2024	IJHS-59-2024-Issue-3	ijhs/Contents_IJHS_59_3.pdf														
Contents_Vol54_4	Contents	2019	IJHS-54-2019-Issue-4	ijhs/Contents_Vol54_4.pdf														
Corrigendum_59_1	Corrigendum	2024	IJHS-59-2024-Issue-1	ijhs/Corrigendum_59_1.pdf														
Cumulative%20Index_58_ijhs	Cumulative Index & Annual Contents	2023	IJHS-58-2023-Issue-4	ijhs/Cumulative%20Index_58_ijhs.pdf														
Description_of_rainfall_variability_in_B	Description of rainfall variability in Bṛhat Saṃhitā of Varāhamihira	2004.0	Current Science 87.4	other/Description_of_rainfall_variability_in_B.pdf														
Dynamic_response_of_a_beam_on_elastic_fo	Dynamic response of a beam on elastic foundation of finite depth under a moving force	1993.0	Acta Mechanica 96	other/Dynamic_response_of_a_beam_on_elastic_fo.pdf														
Earthquake_source_model_using_strong_mot	Earthquake source model using strong motion displacement as response of finite elastic media	2001.0	Proc. Indian Acad. Sci (Earth Planet. Sci.) 110.1	other/Earthquake_source_model_using_strong_mot.pdf														
Earthquakes_in_ancient_India	Earthquakes in ancient India	1999.0	Current Science 77.6	other/Earthquakes_in_ancient_India.pdf														
Effect_of_self_weight_and_vertical_accel	Effect of self weight and vertical acceleration on the behaviour of tall structures during earthquake	1971.0	Earthquake Engineering and Structural Dynamics  1	other/Effect_of_self_weight_and_vertical_accel.pdf														
Estimation_of_seismic_spectral_accelerat	Estimation of seismic spectral acceleration in Peninsular India	2007.0	J. Earth Syst. Sci. 116.3	other/Estimation_of_seismic_spectral_accelerat.pdf														
Forecasting_of_seasonal_monsoon_rainfall	Forecasting of seasonal monsoon rainfall at subdivisional level	2006.0	Current Science 91.3	other/Forecasting_of_seasonal_monsoon_rainfall.pdf														
History-of-Calendar-Panchanga-Committee	Report of the Calendar Reform Committee	1955.0	CSIR-1955	other/History-of-Calendar-Panchanga-Committee.pdf														
IJHS58_2_4	Historical profi le of Nardostachys jatamansi: an ancient incense & aromatic medicinal herb from...	2023	IJHS-58-2023-Issue-2	ijhs/IJHS58_2_4.pdf														
IJHS58_2_7	Technologies of transportation: road, bridge and boat construction in colonial Punjab	2023	IJHS-58-2023-Issue-2	ijhs/IJHS58_2_7.pdf														
IJHS_58_2_1	Planetary nodes and apses in the Sūrya-Siddhānta	2023	IJHS-58-2023-Issue-2	ijhs/IJHS_58_2_1.pdf														
IJHS_58_2_2	Recursion and iteration in combinatorics of Chandaśśāstra	2023	IJHS-58-2023-Issue-2	ijhs/IJHS_58_2_2.pdf														
IJHS_58_2_3	A brief study on history and evolution of time	2023	IJHS-58-2023-Issue-2	ijhs/IJHS_58_2_3.pdf														
IJHS_58_2_5	Revisiting the traditional medicine of the tribals in the Jungle Mahals, 1947–2000	2023	IJHS-58-2023-Issue-2	ijhs/IJHS_58_2_5.pdf														
IJHS_58_2_6	Institutionalization of agricultural education in the nineteenth century colonial India: its...	2023	IJHS-58-2023-Issue-2	ijhs/IJHS_58_2_6.pdf														
IJHS_58_2_8	Project Report: The history of geographical surveys in India during the British period	2023	IJHS-58-2023-Issue-2	ijhs/IJHS_58_2_8.pdf														
IJHS_58_2_Contents	Contents	2023	IJHS-58-2023-Issue-2	ijhs/IJHS_58_2_Contents.pdf														
IJHS_58_3_1	Use of the concept of derivative in the computation of vyatīpāta in two Kerala texts	2023	IJHS-58-2023-Issue-3	ijhs/IJHS_58_3_1.pdf														
IJHS_58_3_10	Project Report: Development of amateur astronomy in independent India with special reference to...	2023	IJHS-58-2023-Issue-3	ijhs/IJHS_58_3_10.pdf														
IJHS_58_3_2	Geometry of prāṇakalāntara in the Lagnaprakaraṇa	2023	IJHS-58-2023-Issue-3	ijhs/IJHS_58_3_2.pdf														
IJHS_58_3_3	Mahādevī-sāriṇī : A unique table providing true longitudes of planets	2023	IJHS-58-2023-Issue-3	ijhs/IJHS_58_3_3.pdf														
IJHS_58_3_4	Colonialism, nationalism and reconstruction of history of science: the case of Goa	2023	IJHS-58-2023-Issue-3	ijhs/IJHS_58_3_4.pdf														
IJHS_58_3_5	Advent, appropriation, and aesthetics of electric light in the princely state of Jammu and Kashmir,	2023	IJHS-58-2023-Issue-3	ijhs/IJHS_58_3_5.pdf														
IJHS_58_3_6	Mountains of corpses: the deadliest attack of the 1918–19 influenza pandemic in the city of...	2023	IJHS-58-2023-Issue-3	ijhs/IJHS_58_3_6.pdf														
IJHS_58_3_7	A study of diseases and deaths in colonial Bihar in twentieth century	2023	IJHS-58-2023-Issue-3	ijhs/IJHS_58_3_7.pdf														
IJHS_58_3_8	BooK Review: History of Indian astronomy: The Tirvalore tables...	2023	IJHS-58-2023-Issue-3	ijhs/IJHS_58_3_8.pdf														
IJHS_58_3_9	Book Review: Sir R.N. Mookerjee...	2023	IJHS-58-2023-Issue-3	ijhs/IJHS_58_3_9.pdf														
IJHS_59_3_1	On the calculation of the Moon’s latitude in Indian astronomy	2024	IJHS-59-2024-Issue-3	ijhs/IJHS_59_3_1.pdf														
IJHS_59_3_10	Obituary to Professor S.M.R. Ansari	2024	IJHS-59-2024-Issue-3	ijhs/IJHS_59_3_10.pdf														
IJHS_59_3_2	The conception of negative numbers: A study of Kṛṣṇa Daivajña’s Bījapallava	2024	IJHS-59-2024-Issue-3	ijhs/IJHS_59_3_2.pdf														
IJHS_59_3_3	Decision theory and probability theory: Pascal’s wager and pre‑modern Indian lotteries	2024	IJHS-59-2024-Issue-3	ijhs/IJHS_59_3_3.pdf														
IJHS_59_3_4	The paleodietary reconstruction of Roopkund skeletons through trace element analysis	2024	IJHS-59-2024-Issue-3	ijhs/IJHS_59_3_4.pdf														
IJHS_59_3_5	Placing well‑being: The role of ecology in Āyurveda and Māvilan healing traditions	2024	IJHS-59-2024-Issue-3	ijhs/IJHS_59_3_5.pdf														
IJHS_59_3_6	Understanding the various scientific theories in the history of science	2024	IJHS-59-2024-Issue-3	ijhs/IJHS_59_3_6.pdf														
IJHS_59_3_7	Historical perspectives of critical care in India and worldwide	2024	IJHS-59-2024-Issue-3	ijhs/IJHS_59_3_7.pdf														
IJHS_59_3_8	Book Review: Health, medicine and the encounters of cultures in India by Mumtaz Alam	2024	IJHS-59-2024-Issue-3	ijhs/IJHS_59_3_8.pdf														
IJHS_59_3_9	Project Report: History of linguistic science of the Austroasiatic group of languages with special..	2024	IJHS-59-2024-Issue-3	ijhs/IJHS_59_3_9.pdf														
IJHS_59_4Contents	Contents	2024	IJHS-59-2024-Issue-4	ijhs/IJHS_59_4Contents.pdf														
IJHS_60_1_1	An Uyirêḻuttu or svara-based system of numeration used in Tamil astronomy texts	2025	IJHS-60-2025-Issue-1	ijhs/IJHS_60_1_1.pdf														
IJHS_60_1_10	Book Review: Aspects of Science and Technology in Ancient India by Arun  Kumar Jha et al.	2025	IJHS-60-2025-Issue-1	ijhs/IJHS_60_1_10.pdf														
IJHS_60_1_11	Project Report: Historico-scientific-technology of punch-marked coins	2025	IJHS-60-2025-Issue-1	ijhs/IJHS_60_1_11.pdf														
IJHS_60_1_2	Geometry in the Gaṇita-sāra-saṅgraha of Mahāvīrācārya	2025	IJHS-60-2025-Issue-1	ijhs/IJHS_60_1_2.pdf														
IJHS_60_1_3	Legacy of the astronomical observatory of Thiruvananthapuram	2025	IJHS-60-2025-Issue-1	ijhs/IJHS_60_1_3.pdf														
IJHS_60_1_4	Philosophy of health in ancient Indian martial art: Traditional knowledge of marma embedded  in ...	2025	IJHS-60-2025-Issue-1	ijhs/IJHS_60_1_4.pdf														
IJHS_60_1_5	Development of scientific forestry in British India:Role of Indian forest officials and science...	2025	IJHS-60-2025-Issue-1	ijhs/IJHS_60_1_5.pdf														
IJHS_60_1_6	Rice milling technology in colonial Andhra	2025	IJHS-60-2025-Issue-1	ijhs/IJHS_60_1_6.pdf														
IJHS_60_1_7	Scientifc intervention in wheat and its rising importance in Bihar in the late 19th & early 20th....	2025	IJHS-60-2025-Issue-1	ijhs/IJHS_60_1_7.pdf														
IJHS_60_1_8	Meghnad Saha, India’s frst cyclotron and the institute of nuclear  physics: From the records of ...	2025	IJHS-60-2025-Issue-1	ijhs/IJHS_60_1_8.pdf														
IJHS_60_1_9	Council of Scientifc and Industrial Research: The beginning  of the Indian industrial research...	2025	IJHS-60-2025-Issue-1	ijhs/IJHS_60_1_9.pdf														
IJHS_60_2_1	Precise determination of the ascendant in the Lagnaprakaraṇa ‑ V	2025	IJHS-60-2025-Issue-2	ijhs/IJHS_60_2_1.pdf														
IJHS_60_2_10	Bhera, Pakistan: Birthplace of science in Punjab at the turn of the nineteenth century	2025	IJHS-60-2025-Issue-2	ijhs/IJHS_60_2_10.pdf														
IJHS_60_2_11	Book Review: Health, healing and the Raj: Historical and socio‑cultural insights, 1850–1947...	2025	IJHS-60-2025-Issue-2	ijhs/IJHS_60_2_11.pdf														
IJHS_60_2_12	Project Report: Plant pathological science and plant diseases in colonial India (1905–1947)	2025	IJHS-60-2025-Issue-2	ijhs/IJHS_60_2_12.pdf														
IJHS_60_2_2	Obtaining the longitude of the moon through mnemonics – An example from a medieval Kerala text, ...	2025	IJHS-60-2025-Issue-2	ijhs/IJHS_60_2_2.pdf														
IJHS_60_2_3	Hindu ideas on speech production anticipated modern scientific findings	2025	IJHS-60-2025-Issue-2	ijhs/IJHS_60_2_3.pdf														
IJHS_60_2_4	Institutionalisation of mining education in colonial India: The birth of the Indian School of Mines	2025	IJHS-60-2025-Issue-2	ijhs/IJHS_60_2_4.pdf														
IJHS_60_2_5	Pre‑colonial irrigation technologies from Bundelkhand, Central India: Can history teach us some less	2025	IJHS-60-2025-Issue-2	ijhs/IJHS_60_2_5.pdf														
IJHS_60_2_6	Vernacularizing scientific agriculture in colonial Bihar: An informal pedagogy of Hindi periodical..	2025	IJHS-60-2025-Issue-2	ijhs/IJHS_60_2_6.pdf														
IJHS_60_2_7	A review of gender disparities in smallpox vaccination: The Sanitary Commission of Bengal’s vaccinat	2025	IJHS-60-2025-Issue-2	ijhs/IJHS_60_2_7.pdf														
IJHS_60_2_8	Eradication of Guinea worm disease in Tamil Nadu: a comprehensive review of public health efforts...	2025	IJHS-60-2025-Issue-2	ijhs/IJHS_60_2_8.pdf														
IJHS_60_2_9	Big game hunting and British colonialism in Kashmir (1846–1947)	2025	IJHS-60-2025-Issue-2	ijhs/IJHS_60_2_9.pdf														
IJHS_60_3_0	Content	2025	IJHS-60-2025-Issue-3	ijhs/IJHS_60_3_0.pdf														
IJHS_60_3_1	On mean motions in Indian astronomy	2025	IJHS-60-2025-Issue-3	ijhs/IJHS_60_3_1.pdf														
IJHS_60_3_10	The technological progress of traditionally cultivated Mushrooms in China: Lentinula edodes	2025	IJHS-60-2025-Issue-3	ijhs/IJHS_60_3_10.pdf														
IJHS_60_3_11	The Calcutta Medical College, 1822–1897: Medicine, social psyche and the making of modern citizenry	2025	IJHS-60-2025-Issue-3	ijhs/IJHS_60_3_11.pdf														
IJHS_60_3_12	Medical missionaries and health care in Sub‑Himalayan Bengal, c. 1870s–1970s	2025	IJHS-60-2025-Issue-3	ijhs/IJHS_60_3_12.pdf														
IJHS_60_3_2	South Asia and Southeast Asian new year day 13–15 April coincidence with analemma intersection	2025	IJHS-60-2025-Issue-3	ijhs/IJHS_60_3_2.pdf														
IJHS_60_3_3	From India to Ireland: A diversity of possible tin sources considered	2025	IJHS-60-2025-Issue-3	ijhs/IJHS_60_3_3.pdf														
IJHS_60_3_4	An investigation on the role of material properties in governing the thermal comfort in rock‑cut cav	2025	IJHS-60-2025-Issue-3	ijhs/IJHS_60_3_4.pdf														
IJHS_60_3_5	Two centuries of geoscience research in Lahaul and Spiti, Himachal Pradesh, India: Significance and	2025	IJHS-60-2025-Issue-3	ijhs/IJHS_60_3_5.pdf														
IJHS_60_3_6	Traditional ethnozoological practices of the tribes in Surguja, Chhattisgarh: A historical perspecti	2025	IJHS-60-2025-Issue-3	ijhs/IJHS_60_3_6.pdf														
IJHS_60_3_7	A comprehensive review of Aśvacikitsā Prakāra: An insightful ancient text on equine medicine	2025	IJHS-60-2025-Issue-3	ijhs/IJHS_60_3_7.pdf														
IJHS_60_3_8	Landscapes of healing: Exploring health care provisions and medicinal plant diversity in the Nalanda	2025	IJHS-60-2025-Issue-3	ijhs/IJHS_60_3_8.pdf														
IJHS_60_3_9	Malaria during the construction of Sarda Canal in United Provinces (1918–28)	2025	IJHS-60-2025-Issue-3	ijhs/IJHS_60_3_9.pdf														
Indian_Heritage_of_Gurukula_System_Ethic	Indian Heritage of Gurukula System Ethics, Student-Teacher Relationship	2021.0	Asian Journal of Professional Ethics and Management	other/Indian_Heritage_of_Gurukula_System_Ethic.pdf														
Interview_with_Prof_RN_Iyengar	Interview with Prof RN Iyengar	2005.0	Article	other/Interview_with_Prof_RN_Iyengar.pdf														
Intrinsic_mode_functions_and_a_strategy	Intrinsic mode functions and a strategy for forecasting Indian monsoon rainfall	2005.0	Meteorol. Atmos. Phys. 90	other/Intrinsic_mode_functions_and_a_strategy.pdf														
Location_of_the_Vedic_Iria_and_its_Arch	Location of the Vedic Iria and its Archaeo-geography	2015.0	National Vedic Conference	other/Location_of_the_Vedic_Iria_and_its_Arch.pdf														
Microzonation_of_earthquake_hazard_in_Gr	Microzonation of earthquake hazard in Greater Delhi area	2004.0	Current Science 87.9	other/Microzonation_of_earthquake_hazard_in_Gr.pdf														
Narada_Silpasastra_Sanskrit_Text_on_Arch	Narada Silpasastra Sanskrit Text on Archictectural Civil Engineering - Preface and TOC	2018.0	Jain University Press	other/Narada_Silpasastra_Sanskrit_Text_on_Arch.pdf														
Pages%20from%20Vol4_2005_10_HISTORICAL%20NOTES_1	Historical Notes: Sukraniti on Guns, Cannon and Gunpowder	2005	IJHS-40-2005-Issue-4	ijhs/Pages%20from%20Vol4_2005_10_HISTORICAL%20NOTES_1.pdf														
QJMS_116_2_Hindu_Time	Characterisation of Elapsed Time as Historical Past in Hinduism	2025.0	QJMS 116.2	other/QJMS_116_2_Hindu_Time.pdf														
QJMS_116_2_Kamasvada_compare	A Comparative Study of the Kaṁsavadha Episode in Select Nāṭakas, Campū-kāvyas, Gadya-kāvyas, and Khaṇḍa-kāvyas	2025.0	QJMS 116.2	other/QJMS_116_2_Kamasvada_compare.pdf														
Rainfall_cycles_in_Ancient_Sanskrit_Text	Monsoon rainfall cycles as depicted in ancient Sanskrit texts	2009.0	Current Science 97.3	other/Rainfall_cycles_in_Ancient_Sanskrit_Text.pdf														
Random_vibration_of_a_second_order_non_l	Random vibration of a second order non linear elastic system	1975.0	Journal of Sound and Vibration 40.2	other/Random_vibration_of_a_second_order_non_l.pdf														
Rocking_response_of_rectangular_rigid_bl	Rocking response of rectangular rigid blocks under random noise base excitations	1991.0	Int. J. Non-Linear Mechanics 26.4	other/Rocking_response_of_rectangular_rigid_bl.pdf														
S1-IndusZoomorphicIconCatalogue	Indus zoomorphism and its avatars- supplement	2022	IJHS-57-2022-Issue-3	ijhs/S1-IndusZoomorphicIconCatalogue.pdf														
Seismic_hazard_estimation_for_Mumbai_cit	Seismic hazard estimation for Mumbai city	2006.0	Current Science 91.11	other/Seismic_hazard_estimation_for_Mumbai_cit.pdf														
Seismic_status_of_Delhi_megacity	Seismic status of Delhi megacity	2000.0	Current Science 79.5	other/Seismic_status_of_Delhi_megacity.pdf														
Strong_Ground_Motion_Estimation_During_t	Strong Ground Motion Estimation During the Kutch,India Earthquake	2006.0	Pure appl. geophys. 163	other/Strong_Ground_Motion_Estimation_During_t.pdf														
The_Scope_of_Ashtadashavarnana	The Scope of Aṣṭādaśavarṇana in the Mahākāvya Mathurābhyudaya	2025.0	Karnataka Sanskrit 8.1	other/The_Scope_of_Ashtadashavarnana.pdf														
Vedic_Irinn_a_and_the_Rann_of_kutch	Vedic Irinn a and the Rann of kutch	2005.0	Journal of the Geological Society of India 70	other/Vedic_Irinn_a_and_the_Rann_of_kutch.pdf														
Vo0l6_1_3_RNRai	Karanasara of Vatesvara	1971	IJHS-6-1971-Issue-1	ijhs/Vo0l6_1_3_RNRai.pdf														
Vol01_1_1_PRay	The Theory of Chemical Combination in Ancient Indian Philosophies	1966	IJHS-1-1966-Issue-1	ijhs/Vol01_1_1_PRay.pdf														
Vol01_1_2_JRRavetz	What was ‘The Scientific Revolution’ ?	1966	IJHS-1-1966-Issue-1	ijhs/Vol01_1_2_JRRavetz.pdf														
Vol01_1_3_MHoskin	Stellar Distances: Galileo's Method and Its Subsequent History	1966	IJHS-1-1966-Issue-1	ijhs/Vol01_1_3_MHoskin.pdf														
Vol01_1_4_DJDSPrice	A Survival of Babylonian Arithmetic in ew Guinea?	1966	IJHS-1-1966-Issue-1	ijhs/Vol01_1_4_DJDSPrice.pdf														
Vol01_1_5_SNSen	The Impetus Theory of the Vaisesikas	1966	IJHS-1-1966-Issue-1	ijhs/Vol01_1_5_SNSen.pdf														
Vol01_1_6_VRonchi	New History of Optical Microscope	1966	IJHS-1-1966-Issue-1	ijhs/Vol01_1_6_VRonchi.pdf														
Vol01_1_7_VSubbarayappa	The Indian Doctrine of Five Elemnets	1966	IJHS-1-1966-Issue-1	ijhs/Vol01_1_7_VSubbarayappa.pdf														
Vol01_1_8_AKBag	Binomial Theorem in Ancient India	1966	IJHS-1-1966-Issue-1	ijhs/Vol01_1_8_AKBag.pdf														
Vol01_1_9_BRensch	Problems of Biological Philisophy with regard to the Philosophy of the Upanisads	1966	IJHS-1-1966-Issue-1	ijhs/Vol01_1_9_BRensch.pdf														
Vol01_2_1_WPetri	Uigur and Tibetian Lists of the Indian Lunar Mansions	1966	IJHS-1-1966-Issue-2	ijhs/Vol01_2_1_WPetri.pdf														
Vol01_2_2_MRoy	Methods of Sterilization and Sex– Determinaton in the Arthava–Veda and in the Brhad–Aranyakopanishad	1966	IJHS-1-1966-Issue-2	ijhs/Vol01_2_2_MRoy.pdf														
Vol01_2_3_AKBag	Trigonometrical Series in the Karanapaddhati and the Probable Date of the Text	1966	IJHS-1-1966-Issue-2	ijhs/Vol01_2_3_AKBag.pdf														
Vol01_2_4_SPRaychaudhuri	Land Classification in Ancient India	1966	IJHS-1-1966-Issue-2	ijhs/Vol01_2_4_SPRaychaudhuri.pdf														
Vol01_2_5_SNSen	Introduction of Western Science in India	1966	IJHS-1-1966-Issue-2	ijhs/Vol01_2_5_SNSen.pdf														
Vol01_2_6_MTanaka	Characteristics of the History of Science and Technology of Modern Japan	1966	IJHS-1-1966-Issue-2	ijhs/Vol01_2_6_MTanaka.pdf														
Vol01_2_7_SAKGhori	Paper Technology in Medieval India	1966	IJHS-1-1966-Issue-2	ijhs/Vol01_2_7_SAKGhori.pdf														
Vol01_2_8_RKGupta	Botanical Explorations of Victor Jacquemont	1966	IJHS-1-1966-Issue-2	ijhs/Vol01_2_8_RKGupta.pdf														
Vol01_2_9_Notes	Notes	1966	IJHS-1-1966-Issue-2	ijhs/Vol01_2_9_Notes.pdf														
Vol02_1_1_PRay	Origin and Tradition of Alchemy	1967	IJHS-2-1967-Issue-1	ijhs/Vol02_1_1_PRay.pdf														
Vol02_1_2_BVSubbarayappa	An Estimate of the Vaisesika Sutra in the History of Science	1967	IJHS-2-1967-Issue-1	ijhs/Vol02_1_2_BVSubbarayappa.pdf														
Vol02_1_3_MRoy	Anatomy in the Vedic Literature	1967	IJHS-2-1967-Issue-1	ijhs/Vol02_1_3_MRoy.pdf														
Vol02_1_4_BMohan	History of Plus and Minus Signs	1967	IJHS-2-1967-Issue-1	ijhs/Vol02_1_4_BMohan.pdf														
Vol02_1_5_MChowdhury	The Embryonic Development and the Human Body in the Yajnavalkya Smrti	1967	IJHS-2-1967-Issue-1	ijhs/Vol02_1_5_MChowdhury.pdf														
Vol02_1_6_Reviews	Reviews	1967	IJHS-2-1967-Issue-1	ijhs/Vol02_1_6_Reviews.pdf														
Vol02_2_1_VDMarza	The Problem of the Fertilization and Evolution of Phanerogams in Darwin’s Work: A Critical Study	1967	IJHS-2-1967-Issue-2	ijhs/Vol02_2_1_VDMarza.pdf														
Vol02_2_2_HIJhala	WMW Haffkine‚ Bacteriologist—A Great Saviour of Mankind	1967	IJHS-2-1967-Issue-2	ijhs/Vol02_2_2_HIJhala.pdf														
Vol02_2_3_RCGupta	Bhaskara I’s Approximation to Sine	1967	IJHS-2-1967-Issue-2	ijhs/Vol02_2_3_RCGupta.pdf														
Vol02_2_4_Notes	Notes: Rasarnavakalpa of Rudrayamala Tantra	1967	IJHS-2-1967-Issue-2	ijhs/Vol02_2_4_Notes.pdf														
Vol02_2_5_News	News	1967	IJHS-2-1967-Issue-2	ijhs/Vol02_2_5_News.pdf														
Vol02_2_6_Review	Review	1967	IJHS-2-1967-Issue-2	ijhs/Vol02_2_6_Review.pdf														
Vol04_1And2_10_RCGupta	Second Order Interpolation in Indian Mathematics Up To the Fifteenth Century	1969	IJHS-4-1969-Issue-1&2	ijhs/Vol04_1And2_10_RCGupta.pdf														
Vol04_1And2_11_KSShukla	Astronomy in Ancient and Medieval India	1969	IJHS-4-1969-Issue-1&2	ijhs/Vol04_1And2_11_KSShukla.pdf														
Vol04_1And2_12_TSKShastri	A Historical Development of Certain Hindu Astronomical Processes	1969	IJHS-4-1969-Issue-1&2	ijhs/Vol04_1And2_12_TSKShastri.pdf														
Vol04_1And2_13_TSKShastri	The System of the Vatesvara Siddhanta	1969	IJHS-4-1969-Issue-1&2	ijhs/Vol04_1And2_13_TSKShastri.pdf														
Vol04_1And2_14_SPBhattacharyya	Ahargana In Hindu Astronomy	1969	IJHS-4-1969-Issue-1&2	ijhs/Vol04_1And2_14_SPBhattacharyya.pdf														
Vol04_1And2_15_News	News	1969	IJHS-4-1969-Issue-1&2	ijhs/Vol04_1And2_15_News.pdf														
Vol04_1And2_16_Review	Book Review: Digestion and Metabolism in Ayurveda by C Dwarkanath	1969	IJHS-4-1969-Issue-1&2	ijhs/Vol04_1And2_16_Review.pdf														
Vol04_1And2_1_AKBag	Source Materials Concerning Astronomy and Mathematics	1969	IJHS-4-1969-Issue-1&2	ijhs/Vol04_1And2_1_AKBag.pdf														
Vol04_1And2_2_KAChowdhury	Archaeological Plant Remainsfrom Pre– and Proto–Historic Periods as a Source of Historyof Sciences	1969	IJHS-4-1969-Issue-1&2	ijhs/Vol04_1And2_2_KAChowdhury.pdf														
Vol04_1And2_3_GSDikshit	The Sivatattvratnakara as a Source for Sciences in Ancient and Medieval India	1969	IJHS-4-1969-Issue-1&2	ijhs/Vol04_1And2_3_GSDikshit.pdf														
Vol04_1And2_4_CGKashikar	Pottery in the Vedic Literature	1969	IJHS-4-1969-Issue-1&2	ijhs/Vol04_1And2_4_CGKashikar.pdf														
Vol04_1And2_5_TMPMahadevan	Philosophical Trends viz History of Sciences of India — Orthodox Systems	1969	IJHS-4-1969-Issue-1&2	ijhs/Vol04_1And2_5_TMPMahadevan.pdf														
Vol04_1And2_6_GCPande	Philosophical Trends and the History of Science in India— Heterodox Trends	1969	IJHS-4-1969-Issue-1&2	ijhs/Vol04_1And2_6_GCPande.pdf														
Vol04_1And2_7_SGopal	Social Set–Up of Science and Technology in Mughal India	1969	IJHS-4-1969-Issue-1&2	ijhs/Vol04_1And2_7_SGopal.pdf														
Vol04_1And2_8_TASaraswathi	Development of Mathematical Ideas in India	1969	IJHS-4-1969-Issue-1&2	ijhs/Vol04_1And2_8_TASaraswathi.pdf														
Vol04_1And2_9_AKBag	Sine Table in Ancient India	1969	IJHS-4-1969-Issue-1&2	ijhs/Vol04_1And2_9_AKBag.pdf														
Vol05_1_10_RCChakravorty	Surgical Principles in the Sutrasthanam of the Susruta Samhita	1970	IJHS-5-1970-Issue-1	ijhs/Vol05_1_10_RCChakravorty.pdf														
Vol05_1_11_RNKapil	Biology in Ancient and Medieval India	1970	IJHS-5-1970-Issue-1	ijhs/Vol05_1_11_RNKapil.pdf														
Vol05_1_12_KAChowdhury	Wood and its Use During Pre–and Proto–Historic Time	1970	IJHS-5-1970-Issue-1	ijhs/Vol05_1_12_KAChowdhury.pdf														
Vol05_1_13_VMittre	Biological Concepts and Agriculture in Ancient India	1970	IJHS-5-1970-Issue-1	ijhs/Vol05_1_13_VMittre.pdf														
Vol05_1_14_MRoy	Family Relations of Some Plants in The Atharvaveda	1970	IJHS-5-1970-Issue-1	ijhs/Vol05_1_14_MRoy.pdf														
Vol05_1_15_SPRaychaudhuri	History of Land Use in India	1970	IJHS-5-1970-Issue-1	ijhs/Vol05_1_15_SPRaychaudhuri.pdf														
Vol05_1_16_MSShukla	Arbori–Horticulture in Ancient India	1970	IJHS-5-1970-Issue-1	ijhs/Vol05_1_16_MSShukla.pdf														
Vol05_1_1_CDwarkanath	Some Significant Aspects of The Origin and Development of Medicine in Ancient India	1970	IJHS-5-1970-Issue-1	ijhs/Vol05_1_1_CDwarkanath.pdf														
Vol05_1_2_PJDeshpande	Contribution to the Fundamentala of Orthopaedic Surgery	1970	IJHS-5-1970-Issue-1	ijhs/Vol05_1_2_PJDeshpande.pdf														
Vol05_1_3_LMSingh	Susruta’s Contributions to the Fundamentals of Surgery	1970	IJHS-5-1970-Issue-1	ijhs/Vol05_1_3_LMSingh.pdf														
Vol05_1_4_DSGaur	The Theory of Pancamahabhuta with Special Reference to Ayurveda	1970	IJHS-5-1970-Issue-1	ijhs/Vol05_1_4_DSGaur.pdf														
Vol05_1_5_JMitra	Methodology for Experimental Research In Ancient India	1970	IJHS-5-1970-Issue-1	ijhs/Vol05_1_5_JMitra.pdf														
Vol05_1_6_SGurumurthy	Medical Science and Dispensaries in Ancient South India as Gleaned From Epigraphy	1970	IJHS-5-1970-Issue-1	ijhs/Vol05_1_6_SGurumurthy.pdf														
Vol05_1_7_RSSMurthy	The Brahmanas on Medicine and Biological Sciences	1970	IJHS-5-1970-Issue-1	ijhs/Vol05_1_7_RSSMurthy.pdf														
Vol05_1_8_PRay	Medicine—As it Evolved in Ancient and Medieval India	1970	IJHS-5-1970-Issue-1	ijhs/Vol05_1_8_PRay.pdf														
Vol05_1_9_BBMishra	Human Anatomy According to the Agni Purana	1970	IJHS-5-1970-Issue-1	ijhs/Vol05_1_9_BBMishra.pdf														
Vol05_2_10_JFilliozat	Influence of Mediterranean Culture Areas on Indian Science	1970	IJHS-5-1970-Issue-2	ijhs/Vol05_2_10_JFilliozat.pdf														
Vol05_2_11_SNSen	Influence of Indian Science on Other Culture Areas	1970	IJHS-5-1970-Issue-2	ijhs/Vol05_2_11_SNSen.pdf														
Vol05_2_12_RLVerma	The Growth of Greco–Arabian Medicine in Medieval India	1970	IJHS-5-1970-Issue-2	ijhs/Vol05_2_12_RLVerma.pdf														
Vol05_2_13_PVSharma	The Date of Dhanvantari Nighantu	1970	IJHS-5-1970-Issue-2	ijhs/Vol05_2_13_PVSharma.pdf														
Vol05_2_14_HCShukla	Ideas of Scientific Measurement in Basic Principkles of Ayurveda with Special Reference to Somatometry	1970	IJHS-5-1970-Issue-2	ijhs/Vol05_2_14_HCShukla.pdf														
Vol05_2_15_TMSrinivasan	Water–Lifting Devices in Ancient India: Their Origin and Mechanisms	1970	IJHS-5-1970-Issue-2	ijhs/Vol05_2_15_TMSrinivasan.pdf														
Vol05_2_1_JCSikdar	Jaina Atomic Theory	1970	IJHS-5-1970-Issue-2	ijhs/Vol05_2_1_JCSikdar.pdf														
Vol05_2_2_GNChakravarthy	Concept of The Structure of Space–Time	1970	IJHS-5-1970-Issue-2	ijhs/Vol05_2_2_GNChakravarthy.pdf														
Vol05_2_3_HCBhardwaj	Problem of Advent of Copper in India	1970	IJHS-5-1970-Issue-2	ijhs/Vol05_2_3_HCBhardwaj.pdf														
Vol05_2_4_DPAgrawal	Metal Technology of The Harappa Culture and Its Socio–Economic Implications	1970	IJHS-5-1970-Issue-2	ijhs/Vol05_2_4_DPAgrawal.pdf														
Vol05_2_5_BKGRao	Development of Technology During The Iron Age in South India	1970	IJHS-5-1970-Issue-2	ijhs/Vol05_2_5_BKGRao.pdf														
Vol05_2_6_MChoudhury	The Techniques of Colouring Glass and Ceramic Materials in Ancient and Medieval India	1970	IJHS-5-1970-Issue-2	ijhs/Vol05_2_6_MChoudhury.pdf														
Vol05_2_7_VGovind	Some Aspects of Glass Manufacturing in Ancient India	1970	IJHS-5-1970-Issue-2	ijhs/Vol05_2_7_VGovind.pdf														
Vol05_2_8_TVMahalingam	The South Indian Temple– Medium of Construction	1970	IJHS-5-1970-Issue-2	ijhs/Vol05_2_8_TVMahalingam.pdf														
Vol05_2_9_TMSrinivasan	A Brief Account of the Ancient Irrigation Engineering Systems Prevalent in South India	1970	IJHS-5-1970-Issue-2	ijhs/Vol05_2_9_TMSrinivasan.pdf														
Vol06_1_10_BookReviews	Book Review	1971	IJHS-6-1971-Issue-1	ijhs/Vol06_1_10_BookReviews.pdf														
Vol06_1_1_MNDeshpande	Archaeological Sources for the Reconstruction of The History of Sciences of India	1971	IJHS-6-1971-Issue-1	ijhs/Vol06_1_1_MNDeshpande.pdf														
Vol06_1_2_RSengupta	Inluence of Certain Harappan Architectural Features on Some Texts of Early–Historical Period	1971	IJHS-6-1971-Issue-1	ijhs/Vol06_1_2_RSengupta.pdf														
Vol06_1_4_NKPanikkar	The Concept of Tides in Ancient India	1971	IJHS-6-1971-Issue-1	ijhs/Vol06_1_4_NKPanikkar.pdf														
Vol06_1_5_RCGupta	Fractional Parts of Aryabhata's Sines and Certain Rules	1971	IJHS-6-1971-Issue-1	ijhs/Vol06_1_5_RCGupta.pdf														
Vol06_1_6_AVCarozzi	Lucien Cayeux: A Challenger of the Principle of Uniformity in Geology?	1971	IJHS-6-1971-Issue-1	ijhs/Vol06_1_6_AVCarozzi.pdf														
Vol06_1_7_PVSharma	Triamlla Bhatta: His Date and Works in 100 Verses	1971	IJHS-6-1971-Issue-1	ijhs/Vol06_1_7_PVSharma.pdf														
Vol06_1_8_VMukherji	A Short History of the Meson Theory from 1935 to 1943_I	1971	IJHS-6-1971-Issue-1	ijhs/Vol06_1_8_VMukherji.pdf														
Vol06_1_9_BMChintamani	Histrory of Sciences in india: Pali Sources	1971	IJHS-6-1971-Issue-1	ijhs/Vol06_1_9_BMChintamani.pdf														
Vol06_2_1_VMukherji	A Short History of the Meson Theory from 1935 to 1943_II	1971	IJHS-6-1971-Issue-2	ijhs/Vol06_2_1_VMukherji.pdf														
Vol06_2_2_RNRai	The Extant Siddhanta Sekhra: An Error in one of its Sine Values	1971	IJHS-6-1971-Issue-2	ijhs/Vol06_2_2_RNRai.pdf														
Vol06_2_3_EGKRao	Exploration of Underground Water Springs According to the Ancient Hindus	1971	IJHS-6-1971-Issue-2	ijhs/Vol06_2_3_EGKRao.pdf														
Vol06_2_4_RNRai	The Ardharatrika System of Aryabhata I	1971	IJHS-6-1971-Issue-2	ijhs/Vol06_2_4_RNRai.pdf														
Vol06_2_5_GPSharma	Sivadasa Sen— A Scholar Commentator on Indian Medicine of Later Medieval Period	1971	IJHS-6-1971-Issue-2	ijhs/Vol06_2_5_GPSharma.pdf														
Vol06_2_6_BMChintamani	Notices of Thirteen Mss. In Prakrit	1971	IJHS-6-1971-Issue-2	ijhs/Vol06_2_6_BMChintamani.pdf														
Vol07_1_1_RNRai	Sine Values of the Vatesvara Siddhanta	1972	IJHS-7-1972-Issue-1	ijhs/Vol07_1_1_RNRai.pdf														
Vol07_1_2_NKPanikkar	Kappal Sattiram: A Tamil Treatise on Shipbuilding During the Seventeenth Century AD	1972	IJHS-7-1972-Issue-1	ijhs/Vol07_1_2_NKPanikkar.pdf														
Vol07_1_3_RNRai	Calculation of Ahargana in the Vatesvara Siddhanta	1972	IJHS-7-1972-Issue-1	ijhs/Vol07_1_3_RNRai.pdf														
Vol07_1_4_ALSharma	Botany in the Vedas (Part I)	1972	IJHS-7-1972-Issue-1	ijhs/Vol07_1_4_ALSharma.pdf														
Vol07_1_5_SNSen	Scientific Works in Sanskrit‚ Translated into Foreign Languages and Vice–Versa in the 18th and 19th Century AD	1972	IJHS-7-1972-Issue-1	ijhs/Vol07_1_5_SNSen.pdf														
Vol07_1_6_Notes_AKBag	Notes: The Sine Table in Ancient India	1972	IJHS-7-1972-Issue-1	ijhs/Vol07_1_6_Notes_AKBag.pdf														
Vol07_1_7_News	News: Symposium on Al–Biruni and the Indian Sciences	1972	IJHS-7-1972-Issue-1	ijhs/Vol07_1_7_News.pdf														
Vol07_1_8_BookReview	Book Review: Teaching the History of Chemistry	1972	IJHS-7-1972-Issue-1	ijhs/Vol07_1_8_BookReview.pdf														
Vol07_2_1_RCGupta	Early Indians on Second Order Sine Differences	1972	IJHS-7-1972-Issue-2	ijhs/Vol07_2_1_RCGupta.pdf														
Vol07_2_2_PVSharma	Jejatta (9th Century AD) and his Informations about Indian Drugs	1972	IJHS-7-1972-Issue-2	ijhs/Vol07_2_2_PVSharma.pdf														
Vol07_2_3_TKBiswas	Asoka (Saraca Indica Linn)— A Cultural and Scientific Evaluation	1972	IJHS-7-1972-Issue-2	ijhs/Vol07_2_3_TKBiswas.pdf														
Vol07_2_4_SDSharma	Maxima and Minima of Tithis	1972	IJHS-7-1972-Issue-2	ijhs/Vol07_2_4_SDSharma.pdf	101168	2c647e52a77fa95a703ec8a03ab37c4f64e41e60d0f9fc62848e7a9042f9ab7f	raster	4	0	4	4	0	0	2241	gemini-3-flash-preview	0	pdf_profile.v1	2026-09-19T01:31:56.221014+00:00
Vol07_2_5_VVRaman	Relativity in the Early Twenties: Many–Sided Reactions to a Great Theory	1972	IJHS-7-1972-Issue-2	ijhs/Vol07_2_5_VVRaman.pdf														
Vol07_2_6_Notes_VMukherjee	Notes: An Historical Note: The Meson Mass Value in the History of Yukawa Theory	1972	IJHS-7-1972-Issue-2	ijhs/Vol07_2_6_Notes_VMukherjee.pdf														
Vol07_2_7_BookReviews	Book Reviews	1972	IJHS-7-1972-Issue-2	ijhs/Vol07_2_7_BookReviews.pdf														
Vol07_2_8_News	News	1972	IJHS-7-1972-Issue-2	ijhs/Vol07_2_8_News.pdf														
Vol08_1and2_1_LCJain	Set Theory in Jaina School of Mathematics	1973	IJHS-8-1973-Issue-1&2	ijhs/Vol08_1and2_1_LCJain.pdf														
Vol08_1and2_2_KDSwaminathan	Jyotisa in Kerala	1973	IJHS-8-1973-Issue-1&2	ijhs/Vol08_1and2_2_KDSwaminathan.pdf														
Vol08_1and2_3_JNSharma	Arthritis in Ancient Indian Literature	1973	IJHS-8-1973-Issue-1&2	ijhs/Vol08_1and2_3_JNSharma.pdf														
Vol08_1and2_4_KSShukla	Use of Hypotenuse in the Computation of the Equation of the Centre under the Epicyclic Theory in the School of Aryabhatta I???	1973	IJHS-8-1973-Issue-1&2	ijhs/Vol08_1and2_4_KSShukla.pdf														
Vol08_1and2_5_KKTiwari	A Thirteenth Century Indian Reference to Plant Nematodes	1973	IJHS-8-1973-Issue-1&2	ijhs/Vol08_1and2_5_KKTiwari.pdf														
Vol08_1and2_6_BGLSwamy	Sources for a History of Plant Sciences in India	1973	IJHS-8-1973-Issue-1&2	ijhs/Vol08_1and2_6_BGLSwamy.pdf														
Vol08_1and2_7_KRAlur	The Faunal Studies in Archaeology	1973	IJHS-8-1973-Issue-1&2	ijhs/Vol08_1and2_7_KRAlur.pdf														
Vol08_1and2_8_BookReviews	Book Reviews	1973	IJHS-8-1973-Issue-1&2	ijhs/Vol08_1and2_8_BookReviews.pdf														
Vol09_1_11_DGDhavale	The Kapitthaka of Varahamihira	1974	IJHS-9-1974-Issue-1	ijhs/Vol09_1_11_DGDhavale.pdf														
Vol09_1_13_RCGupta	Solution of the Astronomical Triangle as found in the Tantrasamgraha	1974	IJHS-9-1974-Issue-1	ijhs/Vol09_1_13_RCGupta.pdf														
Vol09_1_14_GSundaramurthy	The Contribution of the Cult of Sacrifice to the Development of Indian Astronomy	1974	IJHS-9-1974-Issue-1	ijhs/Vol09_1_14_GSundaramurthy.pdf														
Vol09_1_15_SNSen	Epicyclic Eccentric Planetary Theories in Ancient and Medieval Indian Astronomy	1974	IJHS-9-1974-Issue-1	ijhs/Vol09_1_15_SNSen.pdf														
Vol09_1_16_SMRAnsari	Arab Antecedents of Copernican Method	1974	IJHS-9-1974-Issue-1	ijhs/Vol09_1_16_SMRAnsari.pdf														
Vol09_1_17_MCPande	Pre–Copernican Astronomy in Europe	1974	IJHS-9-1974-Issue-1	ijhs/Vol09_1_17_MCPande.pdf														
Vol09_1_18_DRKaprekar	The Copernicus Magic Square	1974	IJHS-9-1974-Issue-1	ijhs/Vol09_1_18_DRKaprekar.pdf														
Vol09_1_19_Discussions	Discussions	1974	IJHS-9-1974-Issue-1	ijhs/Vol09_1_19_Discussions.pdf														
Vol09_1_1_EKKharadze	Copernicus and Modern Science	1974	IJHS-9-1974-Issue-1	ijhs/Vol09_1_1_EKKharadze.pdf														
Vol09_1_2_JSmak	Copernicus and His Theory	1974	IJHS-9-1974-Issue-1	ijhs/Vol09_1_2_JSmak.pdf														
Vol09_1_3_ATrautman	Copernicus and Modern Physics and Cosmology	1974	IJHS-9-1974-Issue-1	ijhs/Vol09_1_3_ATrautman.pdf														
Vol09_1_4_SCJoshi	Nicolaus Copernicus and the Commentariolus	1974	IJHS-9-1974-Issue-1	ijhs/Vol09_1_4_SCJoshi.pdf														
Vol09_1_5_SKGhosh	Nicolaus Copernicus and His Heliocentric Theory	1974	IJHS-9-1974-Issue-1	ijhs/Vol09_1_5_SKGhosh.pdf														
Vol09_1_6_TSKuppannasastry	The Main Characteristics of Hindu Astronomy in the Period Corresponding to Pre-Copernican..	1974	IJHS-9-1974-Issue-1	ijhs/Vol09_1_6_TSKuppannasastry.pdf														
Vol09_1_7_RNRai	The Prime Meridian in Indian Astronomy	1974	IJHS-9-1974-Issue-1	ijhs/Vol09_1_7_RNRai.pdf														
Vol09_1_8_BChatterjee	A Glimpse of Aryabhata’s Theory of Rotation of Earth	1974	IJHS-9-1974-Issue-1	ijhs/Vol09_1_8_BChatterjee.pdf														
Vol09_1_9_CGPendse	Copernican Heliocentric Theory and Indian Astronomy (AD 1500)	1974	IJHS-9-1974-Issue-1	ijhs/Vol09_1_9_CGPendse.pdf														
Vol09_2_1_RCGupta	Sines and Cosines of Multiple Arcs as given by Kamalakara	1974	IJHS-9-1974-Issue-2	ijhs/Vol09_2_1_RCGupta.pdf														
Vol09_2_2_JVNarlikar	Copernicus and Modern Astronomy	1974	IJHS-9-1974-Issue-2	ijhs/Vol09_2_2_JVNarlikar.pdf														
Vol09_2_3_RPKulkarni	A Note on the Examination of Soil for Foundation of Buildings and of Townships in Ancient/Medieval India	1974	IJHS-9-1974-Issue-2	ijhs/Vol09_2_3_RPKulkarni.pdf														
Vol09_2_4_RCGupta	Addition and Subtraction Theorems for the Sine and the Cosine in Medieval India	1974	IJHS-9-1974-Issue-2	ijhs/Vol09_2_4_RCGupta.pdf														
Vol09_2_5_AKMishra	Consciousness in Plants	1974	IJHS-9-1974-Issue-2	ijhs/Vol09_2_5_AKMishra.pdf														
Vol09_2_6_VDMarza	Darwin’s Theory of Unity of Reacting Mechanisms in Plants and Animals: Its Present Day Importance	1974	IJHS-9-1974-Issue-2	ijhs/Vol09_2_6_VDMarza.pdf														
Vol09_2_7_MNChannabasappa	A Note on Colebrooke’s Translation of a Stanza from Bhaskara’s Lilavati	1974	IJHS-9-1974-Issue-2	ijhs/Vol09_2_7_MNChannabasappa.pdf														
Vol09_2_8_Reviews	Reviews	1974	IJHS-9-1974-Issue-2	ijhs/Vol09_2_8_Reviews.pdf														
Vol10_1_1_PVSharma	The Pseudo– Harita Samhita	1975	IJHS-10-1975-Issue-1	ijhs/Vol10_1_1_PVSharma.pdf														
Vol10_1_2_RPKulkarni	Soil Stabilization by Early Indian Methods	1975	IJHS-10-1975-Issue-1	ijhs/Vol10_1_2_RPKulkarni.pdf														
Vol10_1_3_VVRaman	The Permeation of Thermodynamics into Nineteenth Century Chemistry	1975	IJHS-10-1975-Issue-1	ijhs/Vol10_1_3_VVRaman.pdf														
Vol10_1_4_RCGupta	Circumference of the Jambudvipa in Jaina Cosmography	1975	IJHS-10-1975-Issue-1	ijhs/Vol10_1_4_RCGupta.pdf														
Vol10_1_5_SMRAnsari	Quinquecentenary of Nicolaus Copernicus— A Report	1975	IJHS-10-1975-Issue-1	ijhs/Vol10_1_5_SMRAnsari.pdf														
Vol10_1_6_Announcement	Announcement	1975	IJHS-10-1975-Issue-1	ijhs/Vol10_1_6_Announcement.pdf														
Vol10_1_7_BookReviews	Book Review	1975	IJHS-10-1975-Issue-1	ijhs/Vol10_1_7_BookReviews.pdf														
Vol10_2_10_RNRai	Al–Biruni and Indian Eras	1975	IJHS-10-1975-Issue-2	ijhs/Vol10_2_10_RNRai.pdf														
Vol10_2_11_AKBag	Al–Biruni on Indian Arithmetic	1975	IJHS-10-1975-Issue-2	ijhs/Vol10_2_11_AKBag.pdf														
Vol10_2_12_SNSen	Al–Biruni on determination of Latitudes and Longitudes in India	1975	IJHS-10-1975-Issue-2	ijhs/Vol10_2_12_SNSen.pdf														
Vol10_2_13_SMRAnsari	On Physical Researches of Al–Biruni	1975	IJHS-10-1975-Issue-2	ijhs/Vol10_2_13_SMRAnsari.pdf														
Vol10_2_14_SRoy	Al–Biruni And Hindu Speculations on Gravitation	1975	IJHS-10-1975-Issue-2	ijhs/Vol10_2_14_SRoy.pdf														
Vol10_2_15_VBMainkar	Metrology in Al–Biruni’s India	1975	IJHS-10-1975-Issue-2	ijhs/Vol10_2_15_VBMainkar.pdf														
Vol10_2_16_SMZAlavi	Al–Biruni’s Contribution to Physical Geography	1975	IJHS-10-1975-Issue-2	ijhs/Vol10_2_16_SMZAlavi.pdf														
Vol10_2_17_NKPanikkar	Al–Biruni and The Theory of Tides	1975	IJHS-10-1975-Issue-2	ijhs/Vol10_2_17_NKPanikkar.pdf														
Vol10_2_18_SessionIIDiscussion	Session II Discussion	1975	IJHS-10-1975-Issue-2	ijhs/Vol10_2_18_SessionIIDiscussion.pdf														
Vol10_2_19_SMAhmad	Al–Biruni as a Synthesizer and Transmitter of Scientific Knowledge	1975	IJHS-10-1975-Issue-2	ijhs/Vol10_2_19_SMAhmad.pdf														
Vol10_2_1_WelcomeSpeech_AGJhingran	Welcome Speech	1975	IJHS-10-1975-Issue-2	ijhs/Vol10_2_1_WelcomeSpeech_AGJhingran.pdf														
Vol10_2_20_BKNayar	Al–Biruni and Science Communication in Sanskrit	1975	IJHS-10-1975-Issue-2	ijhs/Vol10_2_20_BKNayar.pdf														
Vol10_2_21_SessionIIIDiscussion	Session III Discussion	1975	IJHS-10-1975-Issue-2	ijhs/Vol10_2_21_SessionIIIDiscussion.pdf														
Vol10_2_22_MSAsimov	Al–Biruni’s Astronomical Treatise in The Dari Language	1975	IJHS-10-1975-Issue-2	ijhs/Vol10_2_22_MSAsimov.pdf														
Vol10_2_23_AHHabibi	Where was Al–Birun Situated?	1975	IJHS-10-1975-Issue-2	ijhs/Vol10_2_23_AHHabibi.pdf														
Vol10_2_24_BKNayar	Al–Biruni and The Arithmetical Sequence of the Sanskrit Ganas	1975	IJHS-10-1975-Issue-2	ijhs/Vol10_2_24_BKNayar.pdf														
Vol10_2_25_MRBhat	Al–Biruni’s Treatment of the Laghujataka and Comets: A Critique	1975	IJHS-10-1975-Issue-2	ijhs/Vol10_2_25_MRBhat.pdf														
Vol10_2_26_SessionIVDiscussion	Session IV: Discussion	1975	IJHS-10-1975-Issue-2	ijhs/Vol10_2_26_SessionIVDiscussion.pdf														
Vol10_2_2_IntroductoryRemarks_FCAuluck	Introductory Remarks	1975	IJHS-10-1975-Issue-2	ijhs/Vol10_2_2_IntroductoryRemarks_FCAuluck.pdf														
Vol10_2_3_InauguralSpeech_BRSeshachar	Inaugural Speech	1975	IJHS-10-1975-Issue-2	ijhs/Vol10_2_3_InauguralSpeech_BRSeshachar.pdf														
Vol10_2_4_MAhmad	Al–Biruni: An Introduction to his Life and Writings on the Indian Sciences	1975	IJHS-10-1975-Issue-2	ijhs/Vol10_2_4_MAhmad.pdf														
Vol10_2_5_AMShastri	Sanskrit Literature known to Al–Biruni	1975	IJHS-10-1975-Issue-2	ijhs/Vol10_2_5_AMShastri.pdf														
Vol10_2_6_Ghayasuddin	Varahamihira, The Best Sanskrit source of Al–Biruni on Indian Jyotisa	1975	IJHS-10-1975-Issue-2	ijhs/Vol10_2_6_Ghayasuddin.pdf														
Vol10_2_7_BKNayar	Al–Biruni and the Authorities on Sanskrit Prosody	1975	IJHS-10-1975-Issue-2	ijhs/Vol10_2_7_BKNayar.pdf														
Vol10_2_8_SessionIDiscussion	Session I: Discussion	1975	IJHS-10-1975-Issue-2	ijhs/Vol10_2_8_SessionIDiscussion.pdf														
Vol10_2_9_BChatterjee	Al–Biruni and Brahmagupta	1975	IJHS-10-1975-Issue-2	ijhs/Vol10_2_9_BChatterjee.pdf														
Vol11_1_1_RCGupta	Sine of Eighteen Degrees in India Upto the Eighteenth Century	1976	IJHS-11-1976-Issue-1	ijhs/Vol11_1_1_RCGupta.pdf														
Vol11_1_2_BGLSwamy	Sources for a History of Plant Sciences in India (II)	1976	IJHS-11-1976-Issue-1	ijhs/Vol11_1_2_BGLSwamy.pdf														
Vol11_1_3_BGLSwamy	Sources for a History of Plant Sciences in India (III)	1976	IJHS-11-1976-Issue-1	ijhs/Vol11_1_3_BGLSwamy.pdf														
Vol11_1_4_RNRai	Some Observations on Vrddha–Vasistha Siddhanta	1976	IJHS-11-1976-Issue-1	ijhs/Vol11_1_4_RNRai.pdf														
Vol11_1_5_AKBag	Madhava’s Sine and Cosine Series	1976	IJHS-11-1976-Issue-1	ijhs/Vol11_1_5_AKBag.pdf														
Vol11_1_6_LCJain	The Kinematic Motion of Astral Real and Counter Bodies in Trilokasara	1976	IJHS-11-1976-Issue-1	ijhs/Vol11_1_6_LCJain.pdf														
Vol11_1_7_RHSingh	Ayurvedic Concept of the Psychosomatic Basis of Health and Disease	1976	IJHS-11-1976-Issue-1	ijhs/Vol11_1_7_RHSingh.pdf														
Vol11_2_1_LCJain	On Certain Mathematical Topics of the Dhavala Texts	1976	IJHS-11-1976-Issue-2	ijhs/Vol11_2_1_LCJain.pdf														
Vol11_2_2_MNChannabasappa	On the Square Root Formula in the Bakhshali Manuscript	1976	IJHS-11-1976-Issue-2	ijhs/Vol11_2_2_MNChannabasappa.pdf														
Vol11_2_3_RMitra	Kamala—The National Flower of India: Its Ancient History and Uses in Indian Medicine	1976	IJHS-11-1976-Issue-2	ijhs/Vol11_2_3_RMitra.pdf														
Vol11_2_4_DPAgarwal	Ancient Copper Workings: Some New C–14 Dates	1976	IJHS-11-1976-Issue-2	ijhs/Vol11_2_4_DPAgarwal.pdf														
Vol11_2_5_MChaudhuri	Ship–Building in the Yuktikalpataru and Samarangana Sutradhara	1976	IJHS-11-1976-Issue-2	ijhs/Vol11_2_5_MChaudhuri.pdf														
Vol11_2_6_TMSrinivasan	Measurement of Rainfall in Ancient India	1976	IJHS-11-1976-Issue-2	ijhs/Vol11_2_6_TMSrinivasan.pdf														
Vol13_1_10_HGershenowitz	George Gaylord Simpson and Lamarck	1978	IJHS-13-1978-Issue-1	ijhs/Vol13_1_10_HGershenowitz.pdf														
Vol13_1_11_SMRAnsari	The Establishment of Observatories	1978	IJHS-13-1978-Issue-1	ijhs/Vol13_1_11_SMRAnsari.pdf														
Vol13_1_12_BookReviews	Book Reviews	1978	IJHS-13-1978-Issue-1	ijhs/Vol13_1_12_BookReviews.pdf														
Vol13_1_1_PKMajumdar	Ganita Kaumudi and the Continued Fraction	1978	IJHS-13-1978-Issue-1	ijhs/Vol13_1_1_PKMajumdar.pdf														
Vol13_1_2_PKMajumdar	The Extant of Siddhanta Sarvabhauma— An error in the Sine of One–third of Part of an Ang	1978	IJHS-13-1978-Issue-1	ijhs/Vol13_1_2_PKMajumdar.pdf														
Vol13_1_3_PKMajumdar	A Rationale of Bhaskara I's Method	1978	IJHS-13-1978-Issue-1	ijhs/Vol13_1_3_PKMajumdar.pdf														
Vol13_1_4_SRNMurthy	Geological Evidences in Support of the Antiquity of Some Ancient Indian Events	1978	IJHS-13-1978-Issue-1	ijhs/Vol13_1_4_SRNMurthy.pdf														
Vol13_1_5_HGershenowitz	Gavin De Beer and the Neo–Lamarckians	1978	IJHS-13-1978-Issue-1	ijhs/Vol13_1_5_HGershenowitz.pdf														
Vol13_1_6_PKSrivastava	Nephrology in Ancient Indian System of Medicine	1978	IJHS-13-1978-Issue-1	ijhs/Vol13_1_6_PKSrivastava.pdf														
Vol13_1_7_RPKulkarni	The Value of Π Known to Sulbasutrakaras	1978	IJHS-13-1978-Issue-1	ijhs/Vol13_1_7_RPKulkarni.pdf														
Vol13_1_8_LCJain	On the Spiro–Elliptic Motion of the Sun implicit in the Tiloyapannatti	1978	IJHS-13-1978-Issue-1	ijhs/Vol13_1_8_LCJain.pdf														
Vol13_1_9_SMahdihassan	Triphala and its Arabic and Chinese Synonyms	1978	IJHS-13-1978-Issue-1	ijhs/Vol13_1_9_SMahdihassan.pdf														
Vol13_2_1_SRNMurthy	A Critical Evaluation of Mineralogical Aspects of Some Sanskrit Texts	1978	IJHS-13-1978-Issue-2	ijhs/Vol13_2_1_SRNMurthy.pdf														
Vol13_2_2_MRoy	Dyes in Ancient and Medieval India	1978	IJHS-13-1978-Issue-2	ijhs/Vol13_2_2_MRoy.pdf														
Vol13_2_3_KNPrasad	Dating the Quaternary and Human Civilization	1978	IJHS-13-1978-Issue-2	ijhs/Vol13_2_3_KNPrasad.pdf														
Vol13_2_4_RPKulkarni	Geometry as known to the People of Indus Civilization	1978	IJHS-13-1978-Issue-2	ijhs/Vol13_2_4_RPKulkarni.pdf														
Vol13_2_5_RCGupta	Indian Values of the Sinus Totus	1978	IJHS-13-1978-Issue-2	ijhs/Vol13_2_5_RCGupta.pdf														
Vol13_2_6_HGershenowitz	The Treatment of Lamarckism as found in Forty–one College Textbooks	1978	IJHS-13-1978-Issue-2	ijhs/Vol13_2_6_HGershenowitz.pdf														
Vol13_2_7_TSKShastri	The Epoch of the Romaka Siddhanta	1978	IJHS-13-1978-Issue-2	ijhs/Vol13_2_7_TSKShastri.pdf														
Vol13_2_8_BookReviews	Book Reviews	1978	IJHS-13-1978-Issue-2	ijhs/Vol13_2_8_BookReviews.pdf														
Vol14_1_1_SSLishk	Zodiac Circumference as Graduated in Jaina Astronomy	1979	IJHS-14-1979-Issue-1	ijhs/Vol14_1_1_SSLishk.pdf														
Vol14_1_2_HGershenowitz	Chauncey Wright’s Views on Lamarck	1979	IJHS-14-1979-Issue-1	ijhs/Vol14_1_2_HGershenowitz.pdf														
Vol14_1_3_HGershenowitz	George Henslow: True Darwinist	1979	IJHS-14-1979-Issue-1	ijhs/Vol14_1_3_HGershenowitz.pdf														
Vol14_1_4_LCJain	System Theory in Jaina School of Mathematics	1979	IJHS-14-1979-Issue-1	ijhs/Vol14_1_4_LCJain.pdf														
Vol14_1_5_RCGupta	Munisvara’s Modification of Brahmagupta's Rule for Second Order Interpolation	1979	IJHS-14-1979-Issue-1	ijhs/Vol14_1_5_RCGupta.pdf														
Vol14_1_6_BookReviews	Book Reviews	1979	IJHS-14-1979-Issue-1	ijhs/Vol14_1_6_BookReviews.pdf														
Vol14_1_7_News	News	1979	IJHS-14-1979-Issue-1	ijhs/Vol14_1_7_News.pdf														
Vol14_2_10_SSKamavisdar	Evidences of the Inorganic Subtances in Amalgamation Process During Indian Alchemy	1979	IJHS-14-1979-Issue-2	ijhs/Vol14_2_10_SSKamavisdar.pdf														
Vol14_2_11_BookReviews	Book Reviews	1979	IJHS-14-1979-Issue-2	ijhs/Vol14_2_11_BookReviews.pdf														
Vol14_2_12_News	News	1979	IJHS-14-1979-Issue-2	ijhs/Vol14_2_12_News.pdf														
Vol14_2_1_SRNMurthy	An Occurrence of Cinnabar in Rasarnavakalpa	1979	IJHS-14-1979-Issue-2	ijhs/Vol14_2_1_SRNMurthy.pdf														
Vol14_2_2_VMukherji	Some Historical Aspects of Jagadis Chandra Bose’s Microwave Research During 1895–1900	1979	IJHS-14-1979-Issue-2	ijhs/Vol14_2_2_VMukherji.pdf														
Vol14_2_3_HGershenowitz	The Influence of Lamarckism on the Development of Freud’s Psychoanalytic Theory	1979	IJHS-14-1979-Issue-2	ijhs/Vol14_2_3_HGershenowitz.pdf														
Vol14_2_4_HGershenowitz	John Burroughs: Right Wing Neo–Lamarckian	1979	IJHS-14-1979-Issue-2	ijhs/Vol14_2_4_HGershenowitz.pdf														
Vol14_2_5_JCSikdar	Indian Concepts of Matter Part–I	1979	IJHS-14-1979-Issue-2	ijhs/Vol14_2_5_JCSikdar.pdf														
Vol14_2_6_SRNMurthy	Vagbhata on Medicinal Uses of Gems	1979	IJHS-14-1979-Issue-2	ijhs/Vol14_2_6_SRNMurthy.pdf														
Vol14_2_7_RSSingh	Botanical Identity and a Critical Appreciation of Maluva Lata as Evinced in the Buddhistic Pali Literature	1979	IJHS-14-1979-Issue-2	ijhs/Vol14_2_7_RSSingh.pdf														
Vol14_2_8_SRNMurthy	On Some Geological Aspects of the Suryasiddhanta	1979	IJHS-14-1979-Issue-2	ijhs/Vol14_2_8_SRNMurthy.pdf														
Vol14_2_9_TSKSastry	The Vasistha–Paulisa Venus in the Pancasiddhantika of Varahamihira	1979	IJHS-14-1979-Issue-2	ijhs/Vol14_2_9_TSKSastry.pdf														
Vol15_1_10_AKBag	Indian Literature on Mathematics During 1400–1800 AD	1980	IJHS-15-1980-Issue-1	ijhs/Vol15_1_10_AKBag.pdf														
Vol15_1_11_KBehari	A Survey of Historical Astrolables of Delhi	1980	IJHS-15-1980-Issue-1	ijhs/Vol15_1_11_KBehari.pdf														
Vol15_1_12_DKumar	Patterns of Colonial Science in India	1980	IJHS-15-1980-Issue-1	ijhs/Vol15_1_12_DKumar.pdf														
Vol15_1_13_HGershenowitz	Monsieur Poliakov’s Recent Attack Upon Lamarck	1980	IJHS-15-1980-Issue-1	ijhs/Vol15_1_13_HGershenowitz.pdf														
Vol15_1_1_INVerma	Calico Printing in India	1980	IJHS-15-1980-Issue-1	ijhs/Vol15_1_1_INVerma.pdf														
Vol15_1_2_JCSikdar	Jaina Alchemy	1980	IJHS-15-1980-Issue-1	ijhs/Vol15_1_2_JCSikdar.pdf														
Vol15_1_3_TSiddiqi	Unani Medicine in India during the Delhi Sultanate	1980	IJHS-15-1980-Issue-1	ijhs/Vol15_1_3_TSiddiqi.pdf														
Vol15_1_4_SBagchi	History of Mining in India—Circa 1400–1800 and Technology Status	1980	IJHS-15-1980-Issue-1	ijhs/Vol15_1_4_SBagchi.pdf														
Vol15_1_5_SPSangar	Indian Silk fabrics in  the Seventeenth Century	1980	IJHS-15-1980-Issue-1	ijhs/Vol15_1_5_SPSangar.pdf														
Vol15_1_6_RCGupta	The Marici Commentary on the Jyotpatti	1980	IJHS-15-1980-Issue-1	ijhs/Vol15_1_6_RCGupta.pdf														
Vol15_1_7_SAKGhori	The Impact of Modern European Astronomy on Raja Jai Singh	1980	IJHS-15-1980-Issue-1	ijhs/Vol15_1_7_SAKGhori.pdf														
Vol15_1_8_HKNaqvi	Colour Making and Dyeing of Cotton Textiles in Medieval Hindustan	1980	IJHS-15-1980-Issue-1	ijhs/Vol15_1_8_HKNaqvi.pdf														
Vol15_1_9_RLVerma	Medical Trends in Kashmir During Zain–ul–Abidin’s Reign	1980	IJHS-15-1980-Issue-1	ijhs/Vol15_1_9_RLVerma.pdf														
Vol15_2_1_KSShukla	Hindu Geometry	1980	IJHS-15-1980-Issue-2	ijhs/Vol15_2_1_KSShukla.pdf														
Vol15_2_2_SRNMurthy	The Vedic River Saraswati A Myth or Fact – A Geological Approach	1980	IJHS-15-1980-Issue-2	ijhs/Vol15_2_2_SRNMurthy.pdf														
Vol15_2_3_SSLishk	Standardization of Time–Unit Muhurta Through the Science of Sciatherics in Atharva Vedanga Jyotisa	1980	IJHS-15-1980-Issue-2	ijhs/Vol15_2_3_SSLishk.pdf	274003	9673209e5bf47a1fac49d40e1a43fa1b5b96fa80d9cf4b5e2b7ccbf57b142d15	raster	11	0	11	11	0	0	6161	gemini-3-flash-preview	0	pdf_profile.v1	2026-09-19T01:31:58.305319+00:00
Vol15_2_4_HGershenowitz	Napoleon and Lamarck	1980	IJHS-15-1980-Issue-2	ijhs/Vol15_2_4_HGershenowitz.pdf														
Vol15_2_5_SSKamavisdar	Analytical Studies in the Evidences Regarding Chemico–Culture in the History of Indian Medicine in Ancient Period—Allium Series	1980	IJHS-15-1980-Issue-2	ijhs/Vol15_2_5_SSKamavisdar.pdf														
Vol15_2_6_SMahadihassan	A Comparitive Study of the Early System of Indian Cosmology and the Tridosa Humoral Doctrine	1980	IJHS-15-1980-Issue-2	ijhs/Vol15_2_6_SMahadihassan.pdf														
Vol16_1_10_ABKhan	Poisons and Antidotes in Unani Systemof Medicine	1981	IJHS-16-1981-Issue-1	ijhs/Vol16_1_10_ABKhan.pdf														
Vol16_1_11_SMahdihassan	Alchemy and its Fundamental Terms in Greek‚ Arabic‚ Sanskrit and Chinese	1981	IJHS-16-1981-Issue-1	ijhs/Vol16_1_11_SMahdihassan.pdf														
Vol16_1_12_NPRai	The Origin and Development of Pulse Examination in Medieval India	1981	IJHS-16-1981-Issue-1	ijhs/Vol16_1_12_NPRai.pdf														
Vol16_1_13_BNSingh	The Contribution of Madanapala Nighantu to the Knowledge of Indian Materia Medica with Particular Reference to Fig (Anjira)	1981	IJHS-16-1981-Issue-1	ijhs/Vol16_1_13_BNSingh.pdf														
Vol16_1_14_AHIsraili	Humoral Theory of Unani Tibb	1981	IJHS-16-1981-Issue-1	ijhs/Vol16_1_14_AHIsraili.pdf														
Vol16_1_15_AKBose	Aphrodisiacs– A Psychosocial Perspective	1981	IJHS-16-1981-Issue-1	ijhs/Vol16_1_15_AKBose.pdf														
Vol16_1_16_CBDube	Diseases Due to Deficiencies of Vital Principles in the Body	1981	IJHS-16-1981-Issue-1	ijhs/Vol16_1_16_CBDube.pdf														
Vol16_1_1_PVSharma	Contributions of Sarngadhara in the Field of Materia Medica and Phamacy	1981	IJHS-16-1981-Issue-1	ijhs/Vol16_1_1_PVSharma.pdf														
Vol16_1_2_KKThakral	Techniques for Extraction of Foreign Bodies From war wounds In Medieval India	1981	IJHS-16-1981-Issue-1	ijhs/Vol16_1_2_KKThakral.pdf														
Vol16_1_3_RNSingh	Contribution of Medieval India to Ayurvedic Materia Medica	1981	IJHS-16-1981-Issue-1	ijhs/Vol16_1_3_RNSingh.pdf														
Vol16_1_4_TSiddiqi	Unani Medicine in India 1524 to 1605 AD	1981	IJHS-16-1981-Issue-1	ijhs/Vol16_1_4_TSiddiqi.pdf														
Vol16_1_5_TSiddiqi	Two Eminent Physicians of Unani Medicine During Shah Jahan’s Reign	1981	IJHS-16-1981-Issue-1	ijhs/Vol16_1_5_TSiddiqi.pdf														
Vol16_1_6_GNChaturvedi	Medicinal Use of Opium And Cannabis in Medieval India	1981	IJHS-16-1981-Issue-1	ijhs/Vol16_1_6_GNChaturvedi.pdf														
Vol16_1_7_SKMishra	Ideas of Integration as a Process of Evolution of Indian System of Medicine in the Medieval Period	1981	IJHS-16-1981-Issue-1	ijhs/Vol16_1_7_SKMishra.pdf														
Vol16_1_8_RSSingh	Contribution of Unani Materia Medicas to the Identification of Vedic Plants with Special Reference to Usana	1981	IJHS-16-1981-Issue-1	ijhs/Vol16_1_8_RSSingh.pdf														
Vol16_1_9_MSKhan	An Arabic Source for the History of Ancient Indian Medicine	1981	IJHS-16-1981-Issue-1	ijhs/Vol16_1_9_MSKhan.pdf														
Vol16_2_10_SPSangar	Intoxicants in Mughal India	1981	IJHS-16-1981-Issue-2	ijhs/Vol16_2_10_SPSangar.pdf														
Vol16_2_11_GAbraham	The Gnomon in Early Indian Astronomy	1981	IJHS-16-1981-Issue-2	ijhs/Vol16_2_11_GAbraham.pdf														
Vol16_2_12_RSSingh	On the Identity and Economico Medicinal uses of Hastikarnapalasa as Evinced in the Ancient (Sanskrit) Texts and Traditions	1981	IJHS-16-1981-Issue-2	ijhs/Vol16_2_12_RSSingh.pdf														
Vol16_2_13_SMahdihassan	Parisrut The Earliest Distilled Liquor of Vedic Times or of About 1500BC	1981	IJHS-16-1981-Issue-2	ijhs/Vol16_2_13_SMahdihassan.pdf														
Vol16_2_1_PKMajumdar	The Rationale of Brahmagupta’s Method of Solving ax—c=by	1981	IJHS-16-1981-Issue-2	ijhs/Vol16_2_1_PKMajumdar.pdf														
Vol16_2_2_SDSharma	Pluto and a Transplutonian Planet as Predicted by Venkatesha Ketakara	1981	IJHS-16-1981-Issue-2	ijhs/Vol16_2_2_SDSharma.pdf														
Vol16_2_3_HGershenowitz	John Wesley Powell: Staunch Neo–Lamarckian	1981	IJHS-16-1981-Issue-2	ijhs/Vol16_2_3_HGershenowitz.pdf														
Vol16_2_4_AJKhan	A Survey of the Concepts and Measures Developed by the Greco–Arab Physicians Related with The Prevention and Treatment of the Infections and Epidemic Diseases	1981	IJHS-16-1981-Issue-2	ijhs/Vol16_2_4_AJKhan.pdf														
Vol16_2_5_NKGarg	Interaction in Chemistry and Medicine Between India and Europe in 18th–19th Century	1981	IJHS-16-1981-Issue-2	ijhs/Vol16_2_5_NKGarg.pdf														
Vol16_2_6_JLSanchez	Carlos J Finlay and the Conception of Contagion	1981	IJHS-16-1981-Issue-2	ijhs/Vol16_2_6_JLSanchez.pdf														
Vol16_2_7_RMitra	Bakula– A Reputed Drug of Ayurveda ‚its History‚ Uses in Indian Medicine	1981	IJHS-16-1981-Issue-2	ijhs/Vol16_2_7_RMitra.pdf														
Vol16_2_8_DGThatte	Techniques of Venupuncture (Siravedha) in India in the 18th Century	1981	IJHS-16-1981-Issue-2	ijhs/Vol16_2_8_DGThatte.pdf														
Vol16_2_9_KTMHegde	Scientific Basis and Technology of Ancient Indian Copper and Iron Metallurgy	1981	IJHS-16-1981-Issue-2	ijhs/Vol16_2_9_KTMHegde.pdf														
Vol17_1_10_JCSikdar	Phirangiroga (Syphilis) and its Management	1982	IJHS-17-1982-Issue-1	ijhs/Vol17_1_10_JCSikdar.pdf														
Vol17_1_11_NGangadharan	The State of Ayurveda in Eighteenth & Ninteenth Centuries	1982	IJHS-17-1982-Issue-1	ijhs/Vol17_1_11_NGangadharan.pdf														
Vol17_1_12_KSMurty	Geological Sciences in India in the 18th–19th Century	1982	IJHS-17-1982-Issue-1	ijhs/Vol17_1_12_KSMurty.pdf														
Vol17_1_13_BookReviews	Book Reviews	1982	IJHS-17-1982-Issue-1	ijhs/Vol17_1_13_BookReviews.pdf														
Vol17_1_14_News	News	1982	IJHS-17-1982-Issue-1	ijhs/Vol17_1_14_News.pdf														
Vol17_1_1_SNSen	Tieffenthaler on Latitudes and Longitudes in India— An Eighteenth Century Study of Geographical Coordinates	1982	IJHS-17-1982-Issue-1	ijhs/Vol17_1_1_SNSen.pdf														
Vol17_1_2_RDRoy	An Outline Survey of Some Aspects of Technology in India, 1750–1900 and its Legacy	1982	IJHS-17-1982-Issue-1	ijhs/Vol17_1_2_RDRoy.pdf														
Vol17_1_3_RPKulkarni	Irrigation Engineering in India	1982	IJHS-17-1982-Issue-1	ijhs/Vol17_1_3_RPKulkarni.pdf														
Vol17_1_4_MJMehta	Indigenous Paper Industry and Muslim Entrepreneurship	1982	IJHS-17-1982-Issue-1	ijhs/Vol17_1_4_MJMehta.pdf														
Vol17_1_5_HKNaqvi	Technology and Process of Some of the Principal Industries of Eighteenth Century Hindustan	1982	IJHS-17-1982-Issue-1	ijhs/Vol17_1_5_HKNaqvi.pdf														
Vol17_1_6_HCBhardwaj	Indian Dyes and Dyeing Industry during 18–19 Century	1982	IJHS-17-1982-Issue-1	ijhs/Vol17_1_6_HCBhardwaj.pdf														
Vol17_1_7_AKBag	Technology in India in the Eighteenth–Ninteenth Century	1982	IJHS-17-1982-Issue-1	ijhs/Vol17_1_7_AKBag.pdf														
Vol17_1_8_EGKRao	Development of Banking Institutions in India in the Eighteenth–Ninteenth Century	1982	IJHS-17-1982-Issue-1	ijhs/Vol17_1_8_EGKRao.pdf														
Vol17_2_10_DKumar	Economic Compulsions and the Geological Survey of India	1982	IJHS-17-1982-Issue-2	ijhs/Vol17_2_10_DKumar.pdf														
Vol17_2_11_SKhatun	Impact of European Science and Technology on Bengal	1982	IJHS-17-1982-Issue-2	ijhs/Vol17_2_11_SKhatun.pdf														
Vol17_2_12_GSingh	Impact of European Science and Technology on the development of Modern Ayurveda during 19th Century	1982	IJHS-17-1982-Issue-2	ijhs/Vol17_2_12_GSingh.pdf														
Vol17_2_13_AKBasu	Some Perspectives of the Cultural imapct of European Medical Scienec on the Development Scientific Medicine in India	1982	IJHS-17-1982-Issue-2	ijhs/Vol17_2_13_AKBasu.pdf														
Vol17_2_14_VNSharma	Jai Singh‚ His European Astronomers and the Copernican Revolution	1982	IJHS-17-1982-Issue-2	ijhs/Vol17_2_14_VNSharma.pdf														
Vol17_2_15_VNSharma	The Impact of Eighteenth Century Jesuit Astronomers on the Astronomy of India and China	1982	IJHS-17-1982-Issue-2	ijhs/Vol17_2_15_VNSharma.pdf														
Vol17_2_16_KMMatthew	Botany and its Technologies in Peninsular India in the Eighteenth and Ninteenth Centuries	1982	IJHS-17-1982-Issue-2	ijhs/Vol17_2_16_KMMatthew.pdf														
Vol17_2_17_PKBhattacharyya	Beginning of Modern Botany in India by Dutch in 16th–18th Century (Basic Features and Characteristics)	1982	IJHS-17-1982-Issue-2	ijhs/Vol17_2_17_PKBhattacharyya.pdf														
Vol17_2_18_DPJha	Science and Technology (Coal Mining) in India in Eighteenth–Ninteenth Century	1982	IJHS-17-1982-Issue-2	ijhs/Vol17_2_18_DPJha.pdf														
Vol17_2_19_BookReviews	Book Reviews	1982	IJHS-17-1982-Issue-2	ijhs/Vol17_2_19_BookReviews.pdf														
Vol17_2_1_SSingh	Agricultural Science and Technology in Punjab in the Ninteenth Century	1982	IJHS-17-1982-Issue-2	ijhs/Vol17_2_1_SSingh.pdf														
Vol17_2_20_Announcement	Announcement	1982	IJHS-17-1982-Issue-2	ijhs/Vol17_2_20_Announcement.pdf														
Vol17_2_2_RDSingh	Development of Mining Technology during the Ninteenth Century in India	1982	IJHS-17-1982-Issue-2	ijhs/Vol17_2_2_RDSingh.pdf														
Vol17_2_3_HCBhardwaj	Development of Iron and Steel Technology in India during 18th and 19th Centuries	1982	IJHS-17-1982-Issue-2	ijhs/Vol17_2_3_HCBhardwaj.pdf														
Vol17_2_4_EGForbes	European Astronomical Tradition: Transmission into India	1982	IJHS-17-1982-Issue-2	ijhs/Vol17_2_4_EGForbes.pdf														
Vol17_2_5_MLSharma	Jagannath Samrats Outstanding Contribution to Indian Astronomy in Eighteenth Century AD	1982	IJHS-17-1982-Issue-2	ijhs/Vol17_2_5_MLSharma.pdf														
Vol17_2_6_AKMehra	Solar Eclipse Theory and observations in the 18th Century India	1982	IJHS-17-1982-Issue-2	ijhs/Vol17_2_6_AKMehra.pdf														
Vol17_2_7_MNMadhyastha	Brief History of Scientific Progress of South Kanara	1982	IJHS-17-1982-Issue-2	ijhs/Vol17_2_7_MNMadhyastha.pdf														
Vol17_2_8_KNobuo	The Characteristic Features of Japanese Culture in the Field of Science Eighteenth–Ninteenth Century	1982	IJHS-17-1982-Issue-2	ijhs/Vol17_2_8_KNobuo.pdf														
Vol17_2_9_JTBlackmore	The Rise and Fall of Three Fashionable Expectations	1982	IJHS-17-1982-Issue-2	ijhs/Vol17_2_9_JTBlackmore.pdf														
Vol18_1_1_HGershenowitz	Arthur Koestler’s Osculation with Lamarckism and Neo–Lamarckism	1983	IJHS-18-1983-Issue-1	ijhs/Vol18_1_1_HGershenowitz.pdf														
Vol18_1_2_VKJoshi	Evolution of the Concept of Astavarga	1983	IJHS-18-1983-Issue-1	ijhs/Vol18_1_2_VKJoshi.pdf														
Vol18_1_3_HGershenowitz	Georges Clemenceau: Traditional Lamarckian	1983	IJHS-18-1983-Issue-1	ijhs/Vol18_1_3_HGershenowitz.pdf														
Vol18_1_4_RCGupta	Spread and Triumph of Indian Numerals	1983	IJHS-18-1983-Issue-1	ijhs/Vol18_1_4_RCGupta.pdf														
Vol18_1_5_BDatta	Hindu Trignometry	1983	IJHS-18-1983-Issue-1	ijhs/Vol18_1_5_BDatta.pdf														
Vol18_1_6_PRamakrishnan	History of Powder Metallurgy	1983	IJHS-18-1983-Issue-1	ijhs/Vol18_1_6_PRamakrishnan.pdf														
Vol18_1_7_HKNaqvi	Some Varieties of Indian Silken Stuffs in Persian Sources C 1200–1700	1983	IJHS-18-1983-Issue-1	ijhs/Vol18_1_7_HKNaqvi.pdf														
Vol18_1_8_SMahdihassan	The Etymology of Kim–Purusa	1983	IJHS-18-1983-Issue-1	ijhs/Vol18_1_8_SMahdihassan.pdf														
Vol18_1_9_Bookreview	Book Reviews	1983	IJHS-18-1983-Issue-1	ijhs/Vol18_1_9_Bookreview.pdf														
Vol18_2_1_HGershenowitz	Why Did Gregory Bateson Overlook Some Basic Lamarckian Tenets	1983	IJHS-18-1983-Issue-2	ijhs/Vol18_2_1_HGershenowitz.pdf														
Vol18_2_2_HGershenowitz	Encyclopedias and Lamarck	1983	IJHS-18-1983-Issue-2	ijhs/Vol18_2_2_HGershenowitz.pdf														
Vol18_2_3_RSSingh	The Identity and Critical Appraisal of the Basis of Nomenclature and Ancient Socio–Cultural and Geographico–Historical Reflections Evinced with the Paninian Perfume Plant ⁄ Plant Part–Kisara	1983	IJHS-18-1983-Issue-2	ijhs/Vol18_2_3_RSSingh.pdf														
Vol18_2_4_ANSingh	On the Identity of and Indo–Greek Relation Reflected in the Plant–Names and Uses Evinced in the Kautilya Arthasastra with Particular Reference to ‘Kiratatikta’ of ‘Katuvarga’	1983	IJHS-18-1983-Issue-2	ijhs/Vol18_2_4_ANSingh.pdf														
Vol18_2_5_NCShekar	Antiquity of Mining and Metallurgical Activities at Ambaji‚ Kumbaria and Deri	1983	IJHS-18-1983-Issue-2	ijhs/Vol18_2_5_NCShekar.pdf														
Vol18_2_6_VSKirsanov	The Characteristic Features of Development of Science and Technology in Europe in the 18–19th Centuries	1983	IJHS-18-1983-Issue-2	ijhs/Vol18_2_6_VSKirsanov.pdf														
Vol18_2_7_PKMajumdar	A Rationale of Bhatta Govinda’s Method for Solving the Equation ax—c=by and a Comparitive Study of the Determination of ‘Mati’ as Given by Bhaskara I and Bhatta Govinda	1983	IJHS-18-1983-Issue-2	ijhs/Vol18_2_7_PKMajumdar.pdf														
Vol18_2_8_MChaudhuri	The Technique of Glass Making in India (1400–1800 AD)	1983	IJHS-18-1983-Issue-2	ijhs/Vol18_2_8_MChaudhuri.pdf														
Vol18_2_9_BookReviews	Book Reviews	1983	IJHS-18-1983-Issue-2	ijhs/Vol18_2_9_BookReviews.pdf														
Vol19_1_10_SAHRizvi	On Trisection of an Angle Leading to the Derivation of a Cubic Equation and Computation of Value of Sine	1984	IJHS-19-1984-Issue-1	ijhs/Vol19_1_10_SAHRizvi.pdf														
Vol19_1_11_BookReviews	Book Reviews	1984	IJHS-19-1984-Issue-1	ijhs/Vol19_1_11_BookReviews.pdf														
Vol19_1_12_Report	Report: History of Science in USSR	1984	IJHS-19-1984-Issue-1	ijhs/Vol19_1_12_Report.pdf														
Vol19_1_1_PSingh	Varga–Prakrtri— The Cakravala Method of its Solution and the Regular Continued–Fractions	1984	IJHS-19-1984-Issue-1	ijhs/Vol19_1_1_PSingh.pdf														
Vol19_1_2_GJChhabra	Prediction of Pluto by B Ketakar	1984	IJHS-19-1984-Issue-1	ijhs/Vol19_1_2_GJChhabra.pdf														
Vol19_1_3_SAParamhans	Units of Measurements in Medieval India and their Modern Equivalents	1984	IJHS-19-1984-Issue-1	ijhs/Vol19_1_3_SAParamhans.pdf														
Vol19_1_4_NBhatla	Plants: Traditional Worshipping	1984	IJHS-19-1984-Issue-1	ijhs/Vol19_1_4_NBhatla.pdf														
Vol19_1_5_KHKrishnamurthy	Siddha System of Medicine: A Historical Appraisal	1984	IJHS-19-1984-Issue-1	ijhs/Vol19_1_5_KHKrishnamurthy.pdf														
Vol19_1_6_HGershenowitz	Robert Broom’s Misinterpretation of Lamarck and Darwin	1984	IJHS-19-1984-Issue-1	ijhs/Vol19_1_6_HGershenowitz.pdf														
Vol19_1_7_AIsmail	Surgery in the Medieval Muslim World	1984	IJHS-19-1984-Issue-1	ijhs/Vol19_1_7_AIsmail.pdf														
Vol19_1_8_Smahdihassan	The Chinese Origin of the Sanskrit Word for Wheat	1984	IJHS-19-1984-Issue-1	ijhs/Vol19_1_8_Smahdihassan.pdf														
Vol19_1_9_Smahdihassan	The Tridosa Doctrine and the Constituents of Chinese Humorology	1984	IJHS-19-1984-Issue-1	ijhs/Vol19_1_9_Smahdihassan.pdf														
Vol19_2_10_Report	Report: An International Islamic Science Conference	1984	IJHS-19-1984-Issue-2	ijhs/Vol19_2_10_Report.pdf														
Vol19_2_11_News	News	1984	IJHS-19-1984-Issue-2	ijhs/Vol19_2_11_News.pdf														
Vol19_2_1_BDatta	Use of Calculus in Hindu Mathematics	1984	IJHS-19-1984-Issue-2	ijhs/Vol19_2_1_BDatta.pdf														
Vol19_2_2_HGershenowitz	Encyclopaedia Judaica’s Interpretation of Neo–Lamarckism	1984	IJHS-19-1984-Issue-2	ijhs/Vol19_2_2_HGershenowitz.pdf														
Vol19_2_3_PDGupta	Helminthology in India in 18th–19th Centuries with Some Remarks on its Recent Progress	1984	IJHS-19-1984-Issue-2	ijhs/Vol19_2_3_PDGupta.pdf														
Vol19_2_4_MRoy	The Concept of Yantra in the Samarangana–Sutradharaof Bhoja	1984	IJHS-19-1984-Issue-2	ijhs/Vol19_2_4_MRoy.pdf														
Vol19_2_5_MSBhatnagar	The Concept of Matter and its States in Indian Literature	1984	IJHS-19-1984-Issue-2	ijhs/Vol19_2_5_MSBhatnagar.pdf														
Vol19_2_6_RMercier	The Astronomical Tables of Rajah Jai Singh Sawai	1984	IJHS-19-1984-Issue-2	ijhs/Vol19_2_6_RMercier.pdf														
Vol19_2_8_VDeshpande	Transmutation of Base–Metals into Gold as Described in the Text Rasarnavakalpa and its Comparison with the Parallel Chinese Methods	1984	IJHS-19-1984-Issue-2	ijhs/Vol19_2_8_VDeshpande.pdf														
Vol19_2_9_BookReviews	Book Reviews	1984	IJHS-19-1984-Issue-2	ijhs/Vol19_2_9_BookReviews.pdf														
Vol19_3_10_SupplementVedangjyotishaofLagdha	Supplement: Vedanga Jyotisa of Lagadha	1984	IJHS-19-1984-Issue-3	ijhs/Vol19_3_10_SupplementVedangjyotishaofLagdha.pdf														
Vol19_3_1_VVRaman	Jean Le Rond D’Alembert 1717–1783	1984	IJHS-19-1984-Issue-3	ijhs/Vol19_3_1_VVRaman.pdf														
Vol19_3_2_URBansal	Industries in India in 18th and 19t Centuries	1984	IJHS-19-1984-Issue-3	ijhs/Vol19_3_2_URBansal.pdf														
Vol19_3_3_VShekhawat	Standards of Scientific Investigation: Logic and Methodology of Science in Caraka Samhita	1984	IJHS-19-1984-Issue-3	ijhs/Vol19_3_3_VShekhawat.pdf														
Vol19_3_4_DKumar	Science in Higher Education: A Study in Victorian India	1984	IJHS-19-1984-Issue-3	ijhs/Vol19_3_4_DKumar.pdf														
Vol19_3_5_HGershenowitz	Professor Conway Zirkle’s Vitriolic Attack on Lamarck	1984	IJHS-19-1984-Issue-3	ijhs/Vol19_3_5_HGershenowitz.pdf														
Vol19_3_6_CLYadav	The Wonder Ayurvedic Drug Laksmana for Progeny: A Historical Appraisal	1984	IJHS-19-1984-Issue-3	ijhs/Vol19_3_6_CLYadav.pdf														
Vol19_3_7_APKulaichev	Sriyantra and its Mathematical Properties	1984	IJHS-19-1984-Issue-3	ijhs/Vol19_3_7_APKulaichev.pdf														
Vol19_3_8_BookReviews	Book Reviews	1984	IJHS-19-1984-Issue-3	ijhs/Vol19_3_8_BookReviews.pdf														
Vol19_3_9_Announcement	Announcement	1984	IJHS-19-1984-Issue-3	ijhs/Vol19_3_9_Announcement.pdf														
Vol19_4_10_NotesAndNews	Notes and News	1984	IJHS-19-1984-Issue-4	ijhs/Vol19_4_10_NotesAndNews.pdf														
Vol19_4_1_SCDey	Ichthyological Developments in Assam in Ninteenth Century	1984	IJHS-19-1984-Issue-4	ijhs/Vol19_4_1_SCDey.pdf														
Vol19_4_2_DKAgarwal	Washerman and Washing Materials in Ancient India	1984	IJHS-19-1984-Issue-4	ijhs/Vol19_4_2_DKAgarwal.pdf														
Vol19_4_3_MSBhatnagar	Atom from Veda to Date	1984	IJHS-19-1984-Issue-4	ijhs/Vol19_4_3_MSBhatnagar.pdf														
Vol19_4_4_HKNaqvi	Cultivation under the Sultans of Delhi c 1206–1555	1984	IJHS-19-1984-Issue-4	ijhs/Vol19_4_4_HKNaqvi.pdf														
Vol19_4_5_MMajumdar	Risala Dar Falahat	1984	IJHS-19-1984-Issue-4	ijhs/Vol19_4_5_MMajumdar.pdf														
Vol19_4_6_PKChattopadhyay	Archaeometallurgical Studies in Indian Subcontinent: A Survey on Metallography of Iron Objects	1984	IJHS-19-1984-Issue-4	ijhs/Vol19_4_6_PKChattopadhyay.pdf														
Vol19_4_7_BCJoshi	Neurology in Ancient India– Some Evidences	1984	IJHS-19-1984-Issue-4	ijhs/Vol19_4_7_BCJoshi.pdf														
Vol19_4_8_AKBag	Kuttaka and Qiuyishu	1984	IJHS-19-1984-Issue-4	ijhs/Vol19_4_8_AKBag.pdf														
Vol19_4_9_BookReviews	Book Reviews	1984	IJHS-19-1984-Issue-4	ijhs/Vol19_4_9_BookReviews.pdf														
Vol1_2005_01	Earliest Vedic Calendar	2005	IJHS-40-2005-Issue-1	ijhs/Vol1_2005_01.pdf														
Vol1_2005_02_ENVIRONMENT%20AND%20ECOLOGY%20IN%20THE%20RAMAYANA	Environment and Ecology in the Ramayana	2005	IJHS-40-2005-Issue-1	ijhs/Vol1_2005_02_ENVIRONMENT%20AND%20ECOLOGY%20IN%20THE%20RAMAYANA.pdf														
Vol1_2005_03_MYSTICAL%20MATHEMATICS%20IN%20ANCIENT%20PLANETS	Mystical Mathematics of Ancient Planets	2005	IJHS-40-2005-Issue-1	ijhs/Vol1_2005_03_MYSTICAL%20MATHEMATICS%20IN%20ANCIENT%20PLANETS.pdf														
Vol1_2005_04_CONGRESS%20AND%20CONSERVATION	Congress and Conservation-A Look at the NPC Reports	2005	IJHS-40-2005-Issue-1	ijhs/Vol1_2005_04_CONGRESS%20AND%20CONSERVATION.pdf														
Vol1_2005_08_NEWS	News	2005	IJHS-40-2005-Issue-1	ijhs/Vol1_2005_08_NEWS.pdf														
Vol20-1to4_11_RNRai	Astronomical Instruments	1985	IJHS-20-1985-Issue-1to4	ijhs/Vol20-1to4_11_RNRai.pdf														
Vol20-1to4_12_SDSharma	Astronomical Observatories	1985	IJHS-20-1985-Issue-1to4	ijhs/Vol20-1to4_12_SDSharma.pdf														
Vol20-1to4_13_SMRAnsari	Introduction of Modern western Astronomy in India During 18–19 Centuries	1985	IJHS-20-1985-Issue-1to4	ijhs/Vol20-1to4_13_SMRAnsari.pdf														
Vol20-1to4_14_JCBhattacharyya	Astronomy in India in the 20th Century	1985	IJHS-20-1985-Issue-1to4	ijhs/Vol20-1to4_14_JCBhattacharyya.pdf														
Vol20-1to4_2_KVSarma	A Survey of Source Materials	1985	IJHS-20-1985-Issue-1to4	ijhs/Vol20-1to4_2_KVSarma.pdf														
Vol20-1to4_3_SAKhan	Development of Zij Literature in India	1985	IJHS-20-1985-Issue-1to4	ijhs/Vol20-1to4_3_SAKhan.pdf														
Vol20-1to4_4_SNSen	Survey of Studies in European Languages	1985	IJHS-20-1985-Issue-1to4	ijhs/Vol20-1to4_4_SNSen.pdf														
Vol20-1to4_5_AKBag	Astronomy in Indus Civilization and during Vedic Times	1985	IJHS-20-1985-Issue-1to4	ijhs/Vol20-1to4_5_AKBag.pdf														
Vol20-1to4_6_SDSharma	Post–Vedic Astronomy	1985	IJHS-20-1985-Issue-1to4	ijhs/Vol20-1to4_6_SDSharma.pdf														
Vol20-1to4_7_ASomayaji	The Yuga System And The Computations of Mean and True Planetary Longitudes	1985	IJHS-20-1985-Issue-1to4	ijhs/Vol20-1to4_7_ASomayaji.pdf	685682	1006e6a011b739ffe75ae845fe2042576d8294a3f4105e48ee028327fe380e5b	raster	43	0	43	43	0	0	24081	gemini-3-flash-preview	0	pdf_profile.v1	2026-09-19T01:31:59.771105+00:00
Vol20-1to4_8_SDSharma	Eclipses‚ Parallax and Precession of Equinoxes	1985	IJHS-20-1985-Issue-1to4	ijhs/Vol20-1to4_8_SDSharma.pdf														
Vol20-1to4_9_KSShukla	Phases of The Moon, Rising and Setting Of Planets and Stars and Their Conjunstions	1985	IJHS-20-1985-Issue-1to4	ijhs/Vol20-1to4_9_KSShukla.pdf	588904	74a88cae4ee4347141dd50b60f2082bffea05b01828732fb442cca1ae11314bb	raster	40	0	40	40	0	0	22401	gemini-3-flash-preview	0	pdf_profile.v1	2026-09-19T01:32:01.133565+00:00
Vol21_1_11_News	News	1986	IJHS-21-1986-Issue-1	ijhs/Vol21_1_11_News.pdf														
Vol21_1_1_SMahdihassan	Ephedra as Soma Meaning Hemp Fibres with Soma Later Misidentified as the Hemp Plant Itself	1986	IJHS-21-1986-Issue-1	ijhs/Vol21_1_1_SMahdihassan.pdf														
Vol21_1_2_ASRamanathan	Contribution to ‘Weather Science in Ancient India-I’	1986	IJHS-21-1986-Issue-1	ijhs/Vol21_1_2_ASRamanathan.pdf														
Vol21_1_3_ASRamanathan	Contribution to ‘Weather Science in Ancient India-II’	1986	IJHS-21-1986-Issue-1	ijhs/Vol21_1_3_ASRamanathan.pdf														
Vol21_1_4_RDRoy	The Great Trignometrical Survey of India in a Historical Perspective	1986	IJHS-21-1986-Issue-1	ijhs/Vol21_1_4_RDRoy.pdf														
Vol21_1_5_RRDaniel	The Method of Science in Astronomy	1986	IJHS-21-1986-Issue-1	ijhs/Vol21_1_5_RRDaniel.pdf														
Vol21_1_6_RCGupta	Some Equalization Problems from the Bakshali Manuscript	1986	IJHS-21-1986-Issue-1	ijhs/Vol21_1_6_RCGupta.pdf														
Vol21_1_7_SKak	Computational Aspects of the Aryabhata Algorithm	1986	IJHS-21-1986-Issue-1	ijhs/Vol21_1_7_SKak.pdf														
Vol21_1_8_BZSzalek	Decipherment and Interpretation of the Proto–Indian (Mohenjo–Daro and Harappa) Inscriptions	1986	IJHS-21-1986-Issue-1	ijhs/Vol21_1_8_BZSzalek.pdf														
Vol21_1_9_BookReview	Book Review	1986	IJHS-21-1986-Issue-1	ijhs/Vol21_1_9_BookReview.pdf														
Vol21_2_10_Report	Report: Seminar on Science‚ Technology and Social Change‚ 1900–1980	1986	IJHS-21-1986-Issue-2	ijhs/Vol21_2_10_Report.pdf														
Vol21_2_11_News	News	1986	IJHS-21-1986-Issue-2	ijhs/Vol21_2_11_News.pdf														
Vol21_2_12_Announcements	Announcements	1986	IJHS-21-1986-Issue-2	ijhs/Vol21_2_12_Announcements.pdf														
Vol21_2_1_VShekhawat	The Art of Theory Construction in Caraka Samhita	1986	IJHS-21-1986-Issue-2	ijhs/Vol21_2_1_VShekhawat.pdf														
Vol21_2_2_PKunitzsch	Star Catalogues and Star Tables in Medieval Oriental and European Astronomy	1986	IJHS-21-1986-Issue-2	ijhs/Vol21_2_2_PKunitzsch.pdf														
Vol21_2_3_PSingh	Narayana’s Treatment of Magic Squares	1986	IJHS-21-1986-Issue-2	ijhs/Vol21_2_3_PSingh.pdf														
Vol21_2_4_RCGupta	Madhavacandra’s and Other Octagonal Derivations of the Jaina Value Π = √10	1986	IJHS-21-1986-Issue-2	ijhs/Vol21_2_4_RCGupta.pdf														
Vol21_2_5_SAHRizvi	Arithmetical Ratio of Diameter to its Circumference of a Circle with Special Reference to Jame–I–Bahadur Khani	1986	IJHS-21-1986-Issue-2	ijhs/Vol21_2_5_SAHRizvi.pdf														
Vol21_2_6_BCJoshi	Neurology in Ancient India: Muladhara Cakra—A Physiological Reality	1986	IJHS-21-1986-Issue-2	ijhs/Vol21_2_6_BCJoshi.pdf														
Vol21_2_7_OPUpadhyay	Evolution of Kusta	1986	IJHS-21-1986-Issue-2	ijhs/Vol21_2_7_OPUpadhyay.pdf														
Vol21_2_8_SMahdihassan	Lac and its Decolourization by Orpiment as Traced to Babylon	1986	IJHS-21-1986-Issue-2	ijhs/Vol21_2_8_SMahdihassan.pdf														
Vol21_2_9_BookReviews	Book Review: Medical Education and Research: Western Medicine in India	1986	IJHS-21-1986-Issue-2	ijhs/Vol21_2_9_BookReviews.pdf														
Vol21_3_10_WHAbdi	Ibn Sina’s Critique Mutakallimin’s Atomic Theory	1986	IJHS-21-1986-Issue-3	ijhs/Vol21_3_10_WHAbdi.pdf														
Vol21_3_11_Report	Report: XVII International Union for History and Philosophy of Science Congress	1986	IJHS-21-1986-Issue-3	ijhs/Vol21_3_11_Report.pdf														
Vol21_3_1_ARahman	On Relevance of Ibn Sina Today	1986	IJHS-21-1986-Issue-3	ijhs/Vol21_3_1_ARahman.pdf														
Vol21_3_2_MFAintabi	Ibn Sina: Genius of Arabic–Islamic Civilization	1986	IJHS-21-1986-Issue-3	ijhs/Vol21_3_2_MFAintabi.pdf														
Vol21_3_3_MAsimov	The Life and Teachings of Ibn Sina	1986	IJHS-21-1986-Issue-3	ijhs/Vol21_3_3_MAsimov.pdf														
Vol21_3_4_MMKhairullayev	Some Treatises and Epistles of Ibn Sina	1986	IJHS-21-1986-Issue-3	ijhs/Vol21_3_4_MMKhairullayev.pdf														
Vol21_3_5_KNPandita	Central Asian Society in Ibn Sina’s Time	1986	IJHS-21-1986-Issue-3	ijhs/Vol21_3_5_KNPandita.pdf														
Vol21_3_6_MAsimov	Poetic and Socio–Ethic Views of Ibn Sina	1986	IJHS-21-1986-Issue-3	ijhs/Vol21_3_6_MAsimov.pdf														
Vol21_3_7_HMSaid	Ibn Sina as a Scientist	1986	IJHS-21-1986-Issue-3	ijhs/Vol21_3_7_HMSaid.pdf														
Vol21_3_8_AKBag	Ibn Sina and Indian Science	1986	IJHS-21-1986-Issue-3	ijhs/Vol21_3_8_AKBag.pdf														
Vol21_3_9_SAARizvi	Ibn Sina’s Impact on the Rational and Scientific Movements in India	1986	IJHS-21-1986-Issue-3	ijhs/Vol21_3_9_SAARizvi.pdf														
Vol21_4_1_SRAPerwaz	Ibn Sina’s Medical Works	1986	IJHS-21-1986-Issue-4	ijhs/Vol21_4_1_SRAPerwaz.pdf														
Vol21_4_2_MSKhan	The Section on Cardiac Diseases and Their Treatment in the Qanun of Ibn Sina	1986	IJHS-21-1986-Issue-4	ijhs/Vol21_4_2_MSKhan.pdf														
Vol21_4_3_TSiddiqi	Ibn Sina on Materia Medica	1986	IJHS-21-1986-Issue-4	ijhs/Vol21_4_3_TSiddiqi.pdf														
Vol21_4_4_GNChaturvedi	Impact of Ibn Sina on Pulse Examination and Materia Medica of Medieval Period of Ayurveda	1986	IJHS-21-1986-Issue-4	ijhs/Vol21_4_4_GNChaturvedi.pdf														
Vol21_4_5_MTaiyab	Physiological Approach of Ibn Sina Towards the Science of Behaviour	1986	IJHS-21-1986-Issue-4	ijhs/Vol21_4_5_MTaiyab.pdf														
Vol21_4_6_PNPushp	Ibn Sina on Speech Articulation	1986	IJHS-21-1986-Issue-4	ijhs/Vol21_4_6_PNPushp.pdf														
Vol21_4_7_HSVirk	Ibn Sina’s Approach to Physics	1986	IJHS-21-1986-Issue-4	ijhs/Vol21_4_7_HSVirk.pdf														
Vol21_4_8_SShafi	Contributions of Ibn Sina to Geographical Knowledge	1986	IJHS-21-1986-Issue-4	ijhs/Vol21_4_8_SShafi.pdf														
Vol22_1-12_Announcements	Announcements	1987	IJHS-22-1987-Issue-1	ijhs/Vol22_1-12_Announcements.pdf														
Vol22_1_10_BookReviews	Book Reviews	1987	IJHS-22-1987-Issue-1	ijhs/Vol22_1_10_BookReviews.pdf														
Vol22_1_11_Report	Report	1987	IJHS-22-1987-Issue-1	ijhs/Vol22_1_11_Report.pdf														
Vol22_1_1_ASRamanathan	Contribution to ‘Weather Science in Ancient India’ IV	1987	IJHS-22-1987-Issue-1	ijhs/Vol22_1_1_ASRamanathan.pdf														
Vol22_1_2_VDeshpande	Medieval Transformation of Alchemical and Chemical Ideas between India and China	1987	IJHS-22-1987-Issue-1	ijhs/Vol22_1_2_VDeshpande.pdf														
Vol22_1_4_AKBiswas	Rasa– Ratna– Samuccaya and Mineral Processing State–of–Art in the 13th Century AD India	1987	IJHS-22-1987-Issue-1	ijhs/Vol22_1_4_AKBiswas.pdf														
Vol22_1_5_WHAbdi	Mulla Mahmud Jaunpuri's Theory of Moon–Spots	1987	IJHS-22-1987-Issue-1	ijhs/Vol22_1_5_WHAbdi.pdf														
Vol22_1_6_SCKak	On the Decipherment of the Indus Script— A Preliminary Study of its Connection with Brahmi	1987	IJHS-22-1987-Issue-1	ijhs/Vol22_1_6_SCKak.pdf														
Vol22_1_7_SMahdihassan	History of Cinnabar as Drug, The Natural Substance and Synthetic Product	1987	IJHS-22-1987-Issue-1	ijhs/Vol22_1_7_SMahdihassan.pdf														
Vol22_1_8_RKrishnamurthy	Perfumery in Ancient India	1987	IJHS-22-1987-Issue-1	ijhs/Vol22_1_8_RKrishnamurthy.pdf														
Vol22_1_9_SChandra	Some Reflections from the Works of Vernadsky (1863–1945)	1987	IJHS-22-1987-Issue-1	ijhs/Vol22_1_9_SChandra.pdf														
Vol22_2_10_SPrasad	Administrative Recommendation in regard to Upkeeping, Health, and Management of Animals in Ancient India	1987	IJHS-22-1987-Issue-2	ijhs/Vol22_2_10_SPrasad.pdf														
Vol22_2_11_SKKalra	Posibilities of relating Modern Veterinary Science Literature to the Growth of Relevant Knowledge in Ancient India	1987	IJHS-22-1987-Issue-2	ijhs/Vol22_2_11_SKKalra.pdf														
Vol22_2_12_RDSharma	Historical Background and Analysis of Scientific Content of Ancient Indian Literature on Practices for the Treatment of Diseases of Domestic Animals	1987	IJHS-22-1987-Issue-2	ijhs/Vol22_2_12_RDSharma.pdf														
Vol22_2_13_SCDogra	Antimicrobial Agents used in Ancient India	1987	IJHS-22-1987-Issue-2	ijhs/Vol22_2_13_SCDogra.pdf														
Vol22_2_14_News	News	1987	IJHS-22-1987-Issue-2	ijhs/Vol22_2_14_News.pdf														
Vol22_2_2_RPSTyagi	Importnace of Studying Veterinary Science Literature in Ancient India	1987	IJHS-22-1987-Issue-2	ijhs/Vol22_2_2_RPSTyagi.pdf														
Vol22_2_3_VKSharma	Scope of Study of Veterinary Science Literature in Ancient India	1987	IJHS-22-1987-Issue-2	ijhs/Vol22_2_3_VKSharma.pdf														
Vol22_2_4_GPrasad	Method of Science used in Past Indian and its Relevance to Present Day Context	1987	IJHS-22-1987-Issue-2	ijhs/Vol22_2_4_GPrasad.pdf														
Vol22_2_5_DNGarg	Souces of Ancient Indian Literature on Veterinary Sciences	1987	IJHS-22-1987-Issue-2	ijhs/Vol22_2_5_DNGarg.pdf														
Vol22_2_6_KCSatija	Rural Folk Prescriptions: Plea for Search of Scientific Content	1987	IJHS-22-1987-Issue-2	ijhs/Vol22_2_6_KCSatija.pdf														
Vol22_2_7_RDRana	Pharmacy in Ancient India	1987	IJHS-22-1987-Issue-2	ijhs/Vol22_2_7_RDRana.pdf														
Vol22_2_8_VMMandokhot	Nutritional and Managerial Practices of Animals in Ancient India	1987	IJHS-22-1987-Issue-2	ijhs/Vol22_2_8_VMMandokhot.pdf														
Vol22_2_9_UMandokhot	Breeding Practices and Selection Criteria for Domestication of Animals	1987	IJHS-22-1987-Issue-2	ijhs/Vol22_2_9_UMandokhot.pdf														
Vol22_3_10_Supplement_RasaRatnaSamuccaya	Supplement: Rasa Ratna Samuccaya	1987	IJHS-22-1987-Issue-3	ijhs/Vol22_3_10_Supplement_RasaRatnaSamuccaya.pdf														
Vol22_3_1_ASRamanathan	Contribution to Weather Science in Ancient India. V— Priciples of Forecasting Rainfall in Ancient India (Long Range)	1987	IJHS-22-1987-Issue-3	ijhs/Vol22_3_1_ASRamanathan.pdf														
Vol22_3_2_ASRamanathan	Contribution to Weather Science in Ancient India. VI— Priciples of Forecasting Rainfall in Ancient India (Short and Medium Range)	1987	IJHS-22-1987-Issue-3	ijhs/Vol22_3_2_ASRamanathan.pdf														
Vol22_3_3_ASRamanathan	Contribution to Weather Science in Ancient India. VII— A Scientific Assessment of the Rules of Rainfall Forecasting Practiced in Ancient India	1987	IJHS-22-1987-Issue-3	ijhs/Vol22_3_3_ASRamanathan.pdf														
Vol22_3_4_SCKak	On Astronomy in Ancient India	1987	IJHS-22-1987-Issue-3	ijhs/Vol22_3_4_SCKak.pdf														
Vol22_3_5_SCKak	On the Chronology in Ancient India	1987	IJHS-22-1987-Issue-3	ijhs/Vol22_3_5_SCKak.pdf														
Vol22_3_6_OPUpadhyay	A Few Facts of Historiacl Interest Relating to Diabetes Mellitus	1987	IJHS-22-1987-Issue-3	ijhs/Vol22_3_6_OPUpadhyay.pdf														
Vol22_3_7_RCGupta	Indian Mathematical Sciences Abroad During Pre–modern Times	1987	IJHS-22-1987-Issue-3	ijhs/Vol22_3_7_RCGupta.pdf														
Vol22_3_8_Jlaurent	Milgram's Shocking Experiments: A Case in Social Construction of ‘Science’	1987	IJHS-22-1987-Issue-3	ijhs/Vol22_3_8_Jlaurent.pdf														
Vol22_3_9_BookReviews	Book Reviews	1987	IJHS-22-1987-Issue-3	ijhs/Vol22_3_9_BookReviews.pdf														
Vol22_4_1_ASRamanathan	Contribution to Weather Science in Ancient India. VIII— Observation and Measurement of Meteorological Parameters in Ancient India	1987	IJHS-22-1987-Issue-4	ijhs/Vol22_4_1_ASRamanathan.pdf														
Vol22_4_2_SMahdihassan	Three Important Vedic Grasses	1987	IJHS-22-1987-Issue-4	ijhs/Vol22_4_2_SMahdihassan.pdf														
Vol22_4_3_BCJoshi	Neurology in Ancient India: Ajna Cakra— A Physiological Reality	1987	IJHS-22-1987-Issue-4	ijhs/Vol22_4_3_BCJoshi.pdf														
Vol22_4_4_RPKulkarni	Development of Engineering and Technology in India from 1000 BC to 1000 AD as revealed in Rajatarangini	1987	IJHS-22-1987-Issue-4	ijhs/Vol22_4_4_RPKulkarni.pdf														
Vol22_4_5_RPKulkarni	Specifications for Brick Masonry according to Samarangana Sutradhara	1987	IJHS-22-1987-Issue-4	ijhs/Vol22_4_5_RPKulkarni.pdf														
Vol22_4_6_BNMehrotra	Anthelmintic Plants in Traditional Remedies in India	1987	IJHS-22-1987-Issue-4	ijhs/Vol22_4_6_BNMehrotra.pdf														
Vol22_4_7_VSingh	Why did the Scientific Revolution take place in Europe and not elsewhere?	1987	IJHS-22-1987-Issue-4	ijhs/Vol22_4_7_VSingh.pdf														
Vol22_4_8_SPGupta	Science and Divine Philosophy in the Seventeenth Century Europe	1987	IJHS-22-1987-Issue-4	ijhs/Vol22_4_8_SPGupta.pdf														
Vol22_4_9_RKTrivedi	Todaramala of Jaipur (A Jaina Philosopher– Mathematician)	1987	IJHS-22-1987-Issue-4	ijhs/Vol22_4_9_RKTrivedi.pdf														
Vol24_1_1_SCKak	Some Early Codes and Ciphers	1989	IJHS-24-1989-Issue-1	ijhs/Vol24_1_1_SCKak.pdf														
Vol24_1_2_GArmitage	The Schlagintweit Collections	1989	IJHS-24-1989-Issue-1	ijhs/Vol24_1_2_GArmitage.pdf														
Vol24_1_3_PJha	Development of Hindu Astro–Mathematical Sciences in Mithila	1989	IJHS-24-1989-Issue-1	ijhs/Vol24_1_3_PJha.pdf														
Vol24_1_4_BookReview	Book Review	1989	IJHS-24-1989-Issue-1	ijhs/Vol24_1_4_BookReview.pdf														
Vol24_1_5_Supplement	Supplement: Rasa Ratna Sammuccaya	1989	IJHS-24-1989-Issue-1	ijhs/Vol24_1_5_Supplement.pdf														
Vol24_2_1_SAHRizvi	Seth Ward and Ghulam Husain’s Problem for Determining the Place of a Planet	1989	IJHS-24-1989-Issue-2	ijhs/Vol24_2_1_SAHRizvi.pdf														
Vol24_2_2_SSeshan	The History of Paper in India Upto 1948	1989	IJHS-24-1989-Issue-2	ijhs/Vol24_2_2_SSeshan.pdf														
Vol24_2_3_BSzalek	Evidence for Proto–Indian Origin of the Easter Island Writing System	1989	IJHS-24-1989-Issue-2	ijhs/Vol24_2_3_BSzalek.pdf														
Vol24_2_4_BookReviews	Book Review	1989	IJHS-24-1989-Issue-2	ijhs/Vol24_2_4_BookReviews.pdf														
Vol24_3_10_ProjectsRenewed	News: Projects Reviewed and Approved duing 1988–89	1989	IJHS-24-1989-Issue-3	ijhs/Vol24_3_10_ProjectsRenewed.pdf														
Vol24_3_1_APKulaichev	Sriyantra— The Ancient Intrument to Control the Psychophisiological State of Man	1989	IJHS-24-1989-Issue-3	ijhs/Vol24_3_1_APKulaichev.pdf														
Vol24_3_2_SAParamhans	A Fresh Glimse on the Date of Mahabharata	1989	IJHS-24-1989-Issue-3	ijhs/Vol24_3_2_SAParamhans.pdf														
Vol24_3_4BBLal	Vedic Mathematics— Mathematical Calculations Based on the Vedic Sutras and on the Lilavati	1989	IJHS-24-1989-Issue-3	ijhs/Vol24_3_4BBLal.pdf														
Vol24_3_5_LCJain	System Theory in Jaina School of Mathematics–II	1989	IJHS-24-1989-Issue-3	ijhs/Vol24_3_5_LCJain.pdf														
Vol24_3_6_SMahadihassan	A Comparitive Study of Chinese Cosmology–cum–Humorology with Eight Elements	1989	IJHS-24-1989-Issue-3	ijhs/Vol24_3_6_SMahadihassan.pdf														
Vol24_3_7_RKKochhar	Transit of Mercury 1651: The Earliest Telescopic Observation in India	1989	IJHS-24-1989-Issue-3	ijhs/Vol24_3_7_RKKochhar.pdf														
Vol24_3_8_AKBiswas	History of Science in India: In the Search of a Paradigm	1989	IJHS-24-1989-Issue-3	ijhs/Vol24_3_8_AKBiswas.pdf														
Vol24_3_9_BookReviews	Book Reviews	1989	IJHS-24-1989-Issue-3	ijhs/Vol24_3_9_BookReviews.pdf														
Vol24_4_10_Report	Report: Seminar on Astronomy and Mathematics in Ancient and Medieval India	1989	IJHS-24-1989-Issue-4	ijhs/Vol24_4_10_Report.pdf														
Vol24_4_11_Supplement	Supplement: Rasa Ratna Sammuccaya	1989	IJHS-24-1989-Issue-4	ijhs/Vol24_4_11_Supplement.pdf														
Vol24_4_1_KSShukla	The Yuga of the Yavanajataka–David Pingree’s Text and Translation Reviewed	1989	IJHS-24-1989-Issue-4	ijhs/Vol24_4_1_KSShukla.pdf														
Vol24_4_2_BSen	Development of Technical Education in India and State Policy—A Historical Perspective	1989	IJHS-24-1989-Issue-4	ijhs/Vol24_4_2_BSen.pdf														
Vol24_4_2_SAParamhans	A Glance at Military Techniques in Ramayana and Mahabharata	1989	IJHS-24-1989-Issue-3	ijhs/Vol24_4_2_SAParamhans.pdf														
Vol24_4_3_TRChandrasekhar	Non–Euclidean Geometry from Early Times to Beltrami	1989	IJHS-24-1989-Issue-4	ijhs/Vol24_4_3_TRChandrasekhar.pdf														
Vol24_4_4_SNSen	Madras Meridian Circle Observations of Fixed Stars during 1862–1887	1989	IJHS-24-1989-Issue-4	ijhs/Vol24_4_4_SNSen.pdf														
Vol24_4_5_MCMallik	A Survey of Research and Development in Electronics and Telecommunication in India Over a Century (1850–1950)	1989	IJHS-24-1989-Issue-4	ijhs/Vol24_4_5_MCMallik.pdf														
Vol24_4_6_ABasu	Chemical Research in India During Nineteenth Century	1989	IJHS-24-1989-Issue-4	ijhs/Vol24_4_6_ABasu.pdf														
Vol24_4_7_VLSharma	Weighing Devices in Ancient India	1989	IJHS-24-1989-Issue-4	ijhs/Vol24_4_7_VLSharma.pdf														
Vol24_4_8_SMahadihassan	The Five Souls of Indian Medicine	1989	IJHS-24-1989-Issue-4	ijhs/Vol24_4_8_SMahadihassan.pdf														
Vol24_4_9_BookReview	Book Review	1989	IJHS-24-1989-Issue-4	ijhs/Vol24_4_9_BookReview.pdf														
Vol25_1to4_1_SMahdihassan	The Phases of Magic Square of Three	1990	IJHS-25-1990-Issue-1to4	ijhs/Vol25_1to4_1_SMahdihassan.pdf														
Vol25_1to4_2_AKBag	Ritual Geometry in India and its Parallelism in Other Cultures	1990	IJHS-25-1990-Issue-1to4	ijhs/Vol25_1to4_2_AKBag.pdf														
Vol25_1to4_3_MSKhan	Ali Ibn Rabban At Tabari‚ A Ninth Century Arab Physician, on the Ayurveda	1990	IJHS-25-1990-Issue-1to4	ijhs/Vol25_1to4_3_MSKhan.pdf														
Vol25_1to4_4_VNSharma	Zij–I–Muhammad and the Tables of De La Hire	1990	IJHS-25-1990-Issue-1to4	ijhs/Vol25_1to4_4_VNSharma.pdf														
Vol25_1to4_5_NewsProjectsapprovedNewpublication	News	1990	IJHS-25-1990-Issue-1to4	ijhs/Vol25_1to4_5_NewsProjectsapprovedNewpublication.pdf														
Vol25_1to4_6_SupplementLaghumanasa	Supplement—Laghumanasa of Manjula	1990	IJHS-25-1990-Issue-1to4	ijhs/Vol25_1to4_6_SupplementLaghumanasa.pdf														
Vol26_1_1_KDAbhyankar	Misidentification of some Indian Naksatras	1991	IJHS-26-1991-Issue-1	ijhs/Vol26_1_1_KDAbhyankar.pdf														
Vol26_1_2_SMahdihassan	The Vedic Gods Agni‚ Indra and Soma as Interrelated: A Study of Soma	1991	IJHS-26-1991-Issue-1	ijhs/Vol26_1_2_SMahdihassan.pdf														
Vol26_1_3_SRSarma	The Pratyayas: Indian Contribution to Combinatorics	1991	IJHS-26-1991-Issue-1	ijhs/Vol26_1_3_SRSarma.pdf														
Vol26_1_4_SAParamhans	Astronomy in Ancient India— Its Importance‚ Insight and Prevelance	1991	IJHS-26-1991-Issue-1	ijhs/Vol26_1_4_SAParamhans.pdf														
Vol26_1_5_AKChakraborty	Some Studies on Varahamihira	1991	IJHS-26-1991-Issue-1	ijhs/Vol26_1_5_AKChakraborty.pdf														
Vol26_1_6_SSangwan	Level of Agricultural Technology in India (1757–1857)	1991	IJHS-26-1991-Issue-1	ijhs/Vol26_1_6_SSangwan.pdf														
Vol26_1_7_ABandyopandhyay	Radha Gobinda Chandra— A Pioneer in Astronomical Observations in India	1991	IJHS-26-1991-Issue-1	ijhs/Vol26_1_7_ABandyopandhyay.pdf														
Vol26_1_8_BookReview	Book Review: Vatesvara Siddhanta and Gola of Vatesvara by K S Shukla	1991	IJHS-26-1991-Issue-1	ijhs/Vol26_1_8_BookReview.pdf														
Vol26_2_1_KTAcharya	Alcoholic Fermentation and its Products in Ancient India	1991	IJHS-26-1991-Issue-2	ijhs/Vol26_2_1_KTAcharya.pdf														
Vol26_2_2_SMahdihassan	The Word Kohala in Susruta and Term Alcool–Vini of Paracelsus	1991	IJHS-26-1991-Issue-2	ijhs/Vol26_2_2_SMahdihassan.pdf														
Vol26_2_3_MRay	Minerals and Gems in Indian Alchemy	1991	IJHS-26-1991-Issue-2	ijhs/Vol26_2_3_MRay.pdf														
Vol26_2_4_MChaudhuri	Arbori–Horticulture: As Known in the Puranas	1991	IJHS-26-1991-Issue-2	ijhs/Vol26_2_4_MChaudhuri.pdf														
Vol26_2_5_HKNaqvi	Dyeing Agents in India A D 1200–1800	1991	IJHS-26-1991-Issue-2	ijhs/Vol26_2_5_HKNaqvi.pdf														
Vol26_2_6_KVSarma	Yuktibhasa of Jyesthadeva	1991	IJHS-26-1991-Issue-2	ijhs/Vol26_2_6_KVSarma.pdf														
Vol26_2_7_VNSharma	The Kapala Yantras of Sawai Jai Singh	1991	IJHS-26-1991-Issue-2	ijhs/Vol26_2_7_VNSharma.pdf														
Vol26_2_8_AKSaxena	Optical Glass: Its Manufacture in India— A Historical Perspective	1991	IJHS-26-1991-Issue-2	ijhs/Vol26_2_8_AKSaxena.pdf														
Vol26_2_9_NewsIHCongress	News: Seminar on Indian Astronomy and Jai Singh— A Report	1991	IJHS-26-1991-Issue-2	ijhs/Vol26_2_9_NewsIHCongress.pdf														
Vol26_3_1_PVSharma	An Anonymous Treatise on Pathyapathya	1991	IJHS-26-1991-Issue-3	ijhs/Vol26_3_1_PVSharma.pdf														
Vol26_3_2_VNSharma	Precision Instruments of Sawai Jai Singh	1991	IJHS-26-1991-Issue-3	ijhs/Vol26_3_2_VNSharma.pdf														
Vol26_3_3_AKarbelashvili	Europe–India Telegraph “Bridge” via the Caucasus	1991	IJHS-26-1991-Issue-3	ijhs/Vol26_3_3_AKarbelashvili.pdf														
Vol26_3_4_PKBasu	Newton’s Physics in the Context of His Works on Chemistry and Alchemy	1991	IJHS-26-1991-Issue-3	ijhs/Vol26_3_4_PKBasu.pdf														
Vol26_3_5_SupplementRasaratnasamucchaya	Supplement: Rasa Ratna Samuccaya (Part II)	1991	IJHS-26-1991-Issue-3	ijhs/Vol26_3_5_SupplementRasaratnasamucchaya.pdf														
Vol26_4_1_BPrakash	Metallurgy of Iron and Steel Making and Blacksmithy in Ancient India	1991	IJHS-26-1991-Issue-4	ijhs/Vol26_4_1_BPrakash.pdf														
Vol26_4_2_SMahdihassan	A Consolidated Symbol of Cosmology	1991	IJHS-26-1991-Issue-4	ijhs/Vol26_4_2_SMahdihassan.pdf														
Vol26_4_3_NKChandel	A Comparative Study on Cometary Records from the Brhat Samhita and Bhadrabahu Samhita	1991	IJHS-26-1991-Issue-4	ijhs/Vol26_4_3_NKChandel.pdf														
Vol26_4_4_GAbraham	Mean Sun and Moon in Ancient Greek and Indian Astronomy	1991	IJHS-26-1991-Issue-4	ijhs/Vol26_4_4_GAbraham.pdf														
Vol26_4_5_SPGupta	Realism in Science	1991	IJHS-26-1991-Issue-4	ijhs/Vol26_4_5_SPGupta.pdf														
Vol26_4_6_SupplementsPanchavimsatika	Supplements	1991	IJHS-26-1991-Issue-4	ijhs/Vol26_4_6_SupplementsPanchavimsatika.pdf														
Vol27_1_1_SMahdihassan	The Five Elements of Chinese Cosmology in the Light of Dialectism	1992	IJHS-27-1992-Issue-1	ijhs/Vol27_1_1_SMahdihassan.pdf														
Vol27_1_2_KTAchaya	Indian Oilpress (Ghani)	1992	IJHS-27-1992-Issue-1	ijhs/Vol27_1_2_KTAchaya.pdf														
Vol27_1_3_NSaxena	Yogaratnakara— An Important Source Book in Medicine	1992	IJHS-27-1992-Issue-1	ijhs/Vol27_1_3_NSaxena.pdf														
Vol27_1_4_KAChowdhury	Krsi– Parasara	1992	IJHS-27-1992-Issue-1	ijhs/Vol27_1_4_KAChowdhury.pdf														
Vol27_1_5_BDatta	Magic Squares in India	1992	IJHS-27-1992-Issue-1	ijhs/Vol27_1_5_BDatta.pdf														
Vol27_2_1_VDeshpande	Vangastambhanasodhanam: A Chapter on Metallurgy of Tin in Sanskrit Alchemical Text ‘Rasopanisad’	1992	IJHS-27-1992-Issue-2	ijhs/Vol27_2_1_VDeshpande.pdf														
Vol27_2_2_AJQaisar	Horseshoeing in Mughal India	1992	IJHS-27-1992-Issue-2	ijhs/Vol27_2_2_AJQaisar.pdf														
Vol27_2_3_MMehta	Science versus Technology: The Early Years of Kala Bhawan, Baroda 1890–1896	1992	IJHS-27-1992-Issue-2	ijhs/Vol27_2_3_MMehta.pdf														
Vol27_2_4_JNSinha	Origin of India's National Science Policy: M L Sircar to M K Gandhi, 1875–1935	1992	IJHS-27-1992-Issue-2	ijhs/Vol27_2_4_JNSinha.pdf														
Vol27_2_5_BookReviews	Book Review	1992	IJHS-27-1992-Issue-2	ijhs/Vol27_2_5_BookReviews.pdf														
Vol27_2_6_NewPublications	New Publications	1992	IJHS-27-1992-Issue-2	ijhs/Vol27_2_6_NewPublications.pdf														
Vol27_3_1_JCSikdar	Fabric of Life: Paryapati Pranapana in Jaina Agama	1992	IJHS-27-1992-Issue-3	ijhs/Vol27_3_1_JCSikdar.pdf														
Vol27_3_2_BDatta	Use of Permutations and Combinations in India	1992	IJHS-27-1992-Issue-3	ijhs/Vol27_3_2_BDatta.pdf														
Vol27_3_3_RKrishnamurthy	Gemmology in Ancient India	1992	IJHS-27-1992-Issue-3	ijhs/Vol27_3_3_RKrishnamurthy.pdf														
Vol27_3_4_ASaeed	Study of Muslim Alchemy in the Medieval Ages & some Valuable Chemicals Transmitted to Modern Chemistry	1992	IJHS-27-1992-Issue-3	ijhs/Vol27_3_4_ASaeed.pdf														
Vol27_3_5_DKMittra	Role of Ram Bramha Sanyal in Initiating Zoological Researches on the Animals in Captivity	1992	IJHS-27-1992-Issue-3	ijhs/Vol27_3_5_DKMittra.pdf														
Vol27_3_6_AGhosh	The First Indian Aeronaut	1992	IJHS-27-1992-Issue-3	ijhs/Vol27_3_6_AGhosh.pdf														
Vol27_3_7_News	News	1992	IJHS-27-1992-Issue-3	ijhs/Vol27_3_7_News.pdf														
Vol27_3_8_Supplement_RasaRatnaSamuccaya	Supplement: Rasa Ratna Samuccaya	1992	IJHS-27-1992-Issue-3	ijhs/Vol27_3_8_Supplement_RasaRatnaSamuccaya.pdf														
Vol27_4_10_JDas	Progress in Telecommunications and R & D during Post–war Years (1945–84) — A Review	1992	IJHS-27-1992-Issue-4	ijhs/Vol27_4_10_JDas.pdf														
Vol27_4_11_RRDaniel	Space Science in India	1992	IJHS-27-1992-Issue-4	ijhs/Vol27_4_11_RRDaniel.pdf														
Vol27_4_12_BookReviews	Book Review	1992	IJHS-27-1992-Issue-4	ijhs/Vol27_4_12_BookReviews.pdf														
Vol27_4_13_Obituary_SNSen	Orbituary: S N Sen	1992	IJHS-27-1992-Issue-4	ijhs/Vol27_4_13_Obituary_SNSen.pdf														
Vol27_4_16_Erratum	Erratum	1992	IJHS-27-1992-Issue-4	ijhs/Vol27_4_16_Erratum.pdf														
Vol27_4_17_SupplementBibliographyofPhysics	Supplement: Bibliography of Physics, Astronomy, Astrophysics and Geophysics in India	1992	IJHS-27-1992-Issue-4	ijhs/Vol27_4_17_SupplementBibliographyofPhysics.pdf														
Vol27_4_1_SNSen	Factors in the Develoment of Scientific Research in India between 1906 and 1930	1992	IJHS-27-1992-Issue-4	ijhs/Vol27_4_1_SNSen.pdf														
Vol27_4_2_JNKapur	Development of Mathematical Sciences in India during the Twentieth Century	1992	IJHS-27-1992-Issue-4	ijhs/Vol27_4_2_JNKapur.pdf														
Vol27_4_3_HNBose	Luminescence and Allied Phenomena	1992	IJHS-27-1992-Issue-4	ijhs/Vol27_4_3_HNBose.pdf														
Vol27_4_4_CKMajumdar	Solid State Physics: 1900–1980	1992	IJHS-27-1992-Issue-4	ijhs/Vol27_4_4_CKMajumdar.pdf														
Vol27_4_5_AKRaychaudhuri	Pattern of Research in India on Theoritical Astronomy and Astrophysics during period 1900–1980	1992	IJHS-27-1992-Issue-4	ijhs/Vol27_4_5_AKRaychaudhuri.pdf														
Vol27_4_6_AKSaha	Evolution of Continental Crust of India: Growth of Knowledge. 1900–1980 — A Review	1992	IJHS-27-1992-Issue-4	ijhs/Vol27_4_6_AKSaha.pdf														
Vol27_4_7_SKMukherjee	Progress in Indian Agriculture: 1900–1980	1992	IJHS-27-1992-Issue-4	ijhs/Vol27_4_7_SKMukherjee.pdf														
Vol27_4_8_RCMehrotra	Development of Inorganic Chemistry in India during 1900–1980	1992	IJHS-27-1992-Issue-4	ijhs/Vol27_4_8_RCMehrotra.pdf														
Vol27_4_9_SKMukerjee	Mineral Exploration in the Twentieth Century	1992	IJHS-27-1992-Issue-4	ijhs/Vol27_4_9_SKMukerjee.pdf														
Vol28_1_1_KDAbhyankar	A Search for the Earliest Vedic Calender	1993	IJHS-28-1993-Issue-1	ijhs/Vol28_1_1_KDAbhyankar.pdf	214215	818efcab8219b2df99ea6da0fa0d3e616ce88877e27ac734a3ef1ba9895ae9f9	raster	14	0	14	14	0	0	7841	gemini-3-flash-preview	0	pdf_profile.v1	2026-09-19T01:32:02.036019+00:00
Vol28_1_2_SCKak	Astronomy of the Satapatha Brahmana	1993	IJHS-28-1993-Issue-1	ijhs/Vol28_1_2_SCKak.pdf														
Vol28_1_3_PVSharma	A Fragment of the Lauhasastra of Nagarjuna	1993	IJHS-28-1993-Issue-1	ijhs/Vol28_1_3_PVSharma.pdf														
Vol28_1_4_VNSharma	Pratibimba Siddhanta of Jai Singh’s Library	1993	IJHS-28-1993-Issue-1	ijhs/Vol28_1_4_VNSharma.pdf														
Vol28_1_5_SRSarma	Two Mughal Celestial Globes	1993	IJHS-28-1993-Issue-1	ijhs/Vol28_1_5_SRSarma.pdf														
Vol28_1_6_SChandra	Birbal Sahni and India– Madagascar Fit	1993	IJHS-28-1993-Issue-1	ijhs/Vol28_1_6_SChandra.pdf														
Vol28_1_7_SupplementBibliographyofPhysics	Supplement	1993	IJHS-28-1993-Issue-1	ijhs/Vol28_1_7_SupplementBibliographyofPhysics.pdf														
Vol28_2_1_SCKak	The Structure of the Rgveda	1993	IJHS-28-1993-Issue-2	ijhs/Vol28_2_1_SCKak.pdf														
Vol28_2_2_RCGupta	Sundararaja’s Improvements of Vedic Circle–Square Conversions	1993	IJHS-28-1993-Issue-2	ijhs/Vol28_2_2_RCGupta.pdf	282723	8beae00d2ad2411b996df0e3002e895ba63cc9c6f2714efd0bca3651bd9e9f79	raster	21	0	21	21	0	0	11761	gemini-3-flash-preview	0	pdf_profile.v1	2026-09-19T00:23:29.814518+00:00
Vol28_2_3_BDatta	Use of Series in India	1993	IJHS-28-1993-Issue-2	ijhs/Vol28_2_3_BDatta.pdf														
Vol28_2_4_VNSharma	Sawai Jai Singh’s Hindu Astronomers	1993	IJHS-28-1993-Issue-2	ijhs/Vol28_2_4_VNSharma.pdf														
Vol28_2_5_RMercier	Account by Joseph Dubois of Astronomical Work under Jai Singh Sawai	1993	IJHS-28-1993-Issue-2	ijhs/Vol28_2_5_RMercier.pdf														
Vol28_2_6_AGhosh	Golak Chandra: India’s Pioneer Innovator Technician	1993	IJHS-28-1993-Issue-2	ijhs/Vol28_2_6_AGhosh.pdf														
Vol28_2_7_BookReview	Book Review: Glimpses of India’s Statistical Heritage by J K Ghosh‚ S K Mitra and K R Parthasarthy	1993	IJHS-28-1993-Issue-2	ijhs/Vol28_2_7_BookReview.pdf														
Vol28_2_8_SupplementBiblographyofPhysics	Supplement	1993	IJHS-28-1993-Issue-2	ijhs/Vol28_2_8_SupplementBiblographyofPhysics.pdf														
Vol28_3_1_YOhashi	Development of Astronomical Observation in Vedic and Post–Vedic India	1993	IJHS-28-1993-Issue-3	ijhs/Vol28_3_1_YOhashi.pdf	1052281	bfe15ee2d508c5aa91a02ff00a5912571c234ad98daf32a14938fa5c0689bad0	raster	67	0	67	67	0	0	37521	gemini-3-flash-preview	1	pdf_profile.v1	2026-09-19T00:23:30.861708+00:00
Vol28_3_2_BDatta	Surds in Hindu Mathematics	1993	IJHS-28-1993-Issue-3	ijhs/Vol28_3_2_BDatta.pdf														
Vol28_3_3_BDatta	Approximate Values of Surds in Hindu Mathematics	1993	IJHS-28-1993-Issue-3	ijhs/Vol28_3_3_BDatta.pdf														
Vol28_3_4_HSVirk	Life and Works of Puran Singh	1993	IJHS-28-1993-Issue-3	ijhs/Vol28_3_4_HSVirk.pdf														
Vol28_3_5_News	News	1993	IJHS-28-1993-Issue-3	ijhs/Vol28_3_5_News.pdf														
Vol28_4_1_PSFilliozat	Formalisation and Orality in Panini’s Astadhyayi	1993	IJHS-28-1993-Issue-4	ijhs/Vol28_4_1_PSFilliozat.pdf														
Vol28_4_2_LCJain	Constant–Set (Dhruva–Rasi) Technique in Jaina School of Astronomy	1993	IJHS-28-1993-Issue-4	ijhs/Vol28_4_2_LCJain.pdf														
Vol28_4_3_AKBiswas	The Primacy of India in Ancient Brass and Zinc Metallurgy	1993	IJHS-28-1993-Issue-4	ijhs/Vol28_4_3_AKBiswas.pdf														
Vol28_4_4_BookReviewsAKBiswasAndARahman	Book Reviews	1993	IJHS-28-1993-Issue-4	ijhs/Vol28_4_4_BookReviewsAKBiswasAndARahman.pdf														
Vol28_4_5_SupplementBibliographyofPhysics	Supplement	1993	IJHS-28-1993-Issue-4	ijhs/Vol28_4_5_SupplementBibliographyofPhysics.pdf														
Vol29_1_10_SChatterjee	Meghnad Saha – The Scientist and the Institution Builder	1994	IJHS-29-1994-Issue-1	ijhs/Vol29_1_10_SChatterjee.pdf														
Vol29_1_11_DChattopadhyaya	Four Calcuttans in Defence of Scientific Temper	1994	IJHS-29-1994-Issue-1	ijhs/Vol29_1_11_DChattopadhyaya.pdf														
Vol29_1_12_News	News	1994	IJHS-29-1994-Issue-1	ijhs/Vol29_1_12_News.pdf														
Vol29_1_13_Supplement	Supplement: On the Desirability of a National Institution for the Cultivation of the Sciences by the Natives of India (1872–1876)	1994	IJHS-29-1994-Issue-1	ijhs/Vol29_1_13_Supplement.pdf														
Vol29_1_1_DKumar	Calcutta: The Emergence of a Science City (1784–1856)	1994	IJHS-29-1994-Issue-1	ijhs/Vol29_1_1_DKumar.pdf														
Vol29_1_2_SGhose	William O’Shaughnessy – An Innovator and Entrepreneur	1994	IJHS-29-1994-Issue-1	ijhs/Vol29_1_2_SGhose.pdf														
Vol29_1_3_MKahali	John Henry Pratt‚ Archdeacon of Calcutta and His Theory of Isostatic Compensation	1994	IJHS-29-1994-Issue-1	ijhs/Vol29_1_3_MKahali.pdf														
Vol29_1_4_DBose	Madhusudan Gupta	1994	IJHS-29-1994-Issue-1	ijhs/Vol29_1_4_DBose.pdf														
Vol29_1_5_SNSen	The Pioneering Role of Calcutta in Scientific and Technical Education in India	1994	IJHS-29-1994-Issue-1	ijhs/Vol29_1_5_SNSen.pdf														
Vol29_1_6_SCGhosh	Calcutta University and Science	1994	IJHS-29-1994-Issue-1	ijhs/Vol29_1_6_SCGhosh.pdf														
Vol29_1_7_AGhosh	Some Eminent Indian Pioneers in the Field of Technology	1994	IJHS-29-1994-Issue-1	ijhs/Vol29_1_7_AGhosh.pdf														
Vol29_1_8_AKBiswas	Reverend Father Eugene Lafont and the Scientific Activity of St Xaviers College	1994	IJHS-29-1994-Issue-1	ijhs/Vol29_1_8_AKBiswas.pdf														
Vol29_1_9_JKGhosh	Mahalanobis and the Art and Science of Statistics: The Early Days	1994	IJHS-29-1994-Issue-1	ijhs/Vol29_1_9_JKGhosh.pdf														
Vol29_2_2_AKBiswas	Vaidurya‚ Marakata and Other Beryl Family Gem Minerals: Etymology and Traditions in Ancient India	1994	IJHS-29-1994-Issue-2	ijhs/Vol29_2_2_AKBiswas.pdf														
Vol29_2_3_YOhashi	Astronomical Instruments in Classical Siddhantas	1994	IJHS-29-1994-Issue-2	ijhs/Vol29_2_3_YOhashi.pdf														
Vol29_2_4_VDeshpande	Sulbarakalikacchedah: Medieval Methods for Cleansing Metal Surfaces and Removing Tarnishes	1994	IJHS-29-1994-Issue-2	ijhs/Vol29_2_4_VDeshpande.pdf														
Vol29_2_5_MFilliozat	D’Apres De Mannevillette Captain and Hydrographer to the French East India Company (1707–1780)	1994	IJHS-29-1994-Issue-2	ijhs/Vol29_2_5_MFilliozat.pdf														
Vol29_2_6_News	News	1994	IJHS-29-1994-Issue-2	ijhs/Vol29_2_6_News.pdf														
Vol29_3_1_SKBhatia	Carburisation of Iron in Ancient India	1994	IJHS-29-1994-Issue-3	ijhs/Vol29_3_1_SKBhatia.pdf														
Vol29_3_2_NGDongre	Metrology and Coinage in Ancient India and Contemporary World	1994	IJHS-29-1994-Issue-3	ijhs/Vol29_3_2_NGDongre.pdf														
Vol29_3_3_SCKak	Evolution of Early Writing in India	1994	IJHS-29-1994-Issue-3	ijhs/Vol29_3_3_SCKak.pdf														
Vol29_3_4_AKBiswas	Gem—Minerals in Pre–Modern India	1994	IJHS-29-1994-Issue-3	ijhs/Vol29_3_4_AKBiswas.pdf														
Vol29_3_5_VRamaswamy	Metallurgy and Traditional Metal Crafts in Tamil Nadu	1994	IJHS-29-1994-Issue-3	ijhs/Vol29_3_5_VRamaswamy.pdf														
Vol29_3_6_VNSharma	Misra Yantra of the Delhi Observatory	1994	IJHS-29-1994-Issue-3	ijhs/Vol29_3_6_VNSharma.pdf														
Vol29_3_7_Obituary	Obituary: Debiprasad Chattopadhaya	1994	IJHS-29-1994-Issue-3	ijhs/Vol29_3_7_Obituary.pdf														
Vol29_3_8_News	News	1994	IJHS-29-1994-Issue-3	ijhs/Vol29_3_8_News.pdf														
Vol29_4_1_DFrawley	Planets in the Vedic Literature	1994	IJHS-29-1994-Issue-4	ijhs/Vol29_4_1_DFrawley.pdf														
Vol29_4_2_SRSarma	Indian Astronomical and Time–Measuring Instruments: A Catalogue in Preparation	1994	IJHS-29-1994-Issue-4	ijhs/Vol29_4_2_SRSarma.pdf														
Vol29_4_3_SDas	Solutions of Linear Algebraic Equations and Sums of Fraction–Additions Using Sutra Method	1994	IJHS-29-1994-Issue-4	ijhs/Vol29_4_3_SDas.pdf														
Vol29_4_4_VNJha	Indeterminate Analysis in the Context of the Mahasiddhanta of Aryabhata II	1994	IJHS-29-1994-Issue-4	ijhs/Vol29_4_4_VNJha.pdf														
Vol29_4_5_AKBiswas	Iron and Steel in Pre–Modern India—A Critical Review	1994	IJHS-29-1994-Issue-4	ijhs/Vol29_4_5_AKBiswas.pdf														
Vol29_4_6_NGDongre	Dhvantapramapaka Yantra of Maharsi Bharadvaja	1994	IJHS-29-1994-Issue-4	ijhs/Vol29_4_6_NGDongre.pdf														
Vol29_4_9_News	News	1994	IJHS-29-1994-Issue-4	ijhs/Vol29_4_9_News.pdf														
Vol2_2005_01	Eclipse Period Number 3339 in the Ṛgveda	2005	IJHS-40-2005-Issue-2	ijhs/Vol2_2005_01.pdf														
Vol2_2005_02_MANAGEMENT%20OF%20FISTULA%20IN%20ANO%20IN%20ANCIENT%20GREEK%20AND%20AYURVEDIC%20MEDICINE%20A%20HISTORICAL%20AN	Management of Fistula in Ano in Ancient Greek and Ayurvedic Medicine -A Historical Analysis	2005	IJHS-40-2005-Issue-2	ijhs/Vol2_2005_02_MANAGEMENT%20OF%20FISTULA%20IN%20ANO%20IN%20ANCIENT%20GREEK%20AND%20AYURVEDIC%20MEDICINE%20A%20HISTORICAL%20AN.pdf														
Vol2_2005_03_HIPPARCHUS'S%203600%20BASED%20CHORD%20TABLE%20AND%20ITS%20PLACE%20IN%20THE%20HISTORY%20OF%20ANCIENT%20GREEK%20AN	Hipparchus's 3600'-Based Chord Table and its Place in the History of Ancient Greek and Indian Trigon	2005	IJHS-40-2005-Issue-2	ijhs/Vol2_2005_03_HIPPARCHUS'S%203600%20BASED%20CHORD%20TABLE%20AND%20ITS%20PLACE%20IN%20THE%20HISTORY%20OF%20ANCIENT%20GREEK%20AN.pdf														
Vol2_2005_04_HINDUS%20SCIENTIFIC%20CONTRIBUTIONS%20IN%20INDO%20CALENDAR	Hindus' Scientific Contributions in Indo-Persian	2005	IJHS-40-2005-Issue-2	ijhs/Vol2_2005_04_HINDUS%20SCIENTIFIC%20CONTRIBUTIONS%20IN%20INDO%20CALENDAR.pdf														
Vol2_2005_05_HISTORICAL%20NOTES_1	Historical Notes: Some Comments on Kelkar Committee's Proposed All India Calendar	2005	IJHS-40-2005-Issue-2	ijhs/Vol2_2005_05_HISTORICAL%20NOTES_1.pdf														
Vol2_2005_05_HISTORICAL%20NOTES_2	Historical Notes: The Gifts of Physics to Modern Medicine	2005	IJHS-40-2005-Issue-2	ijhs/Vol2_2005_05_HISTORICAL%20NOTES_2.pdf														
Vol2_2005_06_BOOK%20REVIEW	Book Review: Father Engene Lafont of St. Xavier 's College, Kolkata and the Contemporary Science Mov	2005	IJHS-40-2005-Issue-2	ijhs/Vol2_2005_06_BOOK%20REVIEW.pdf														
Vol2_2005_07_NEWS	News	2005	IJHS-40-2005-Issue-2	ijhs/Vol2_2005_07_NEWS.pdf														
Vol2_2005_08_SUPPLEMENT	Supplement: Growth of Scientific Periodicals in India: (1901-1947)	2005	IJHS-40-2005-Issue-2	ijhs/Vol2_2005_08_SUPPLEMENT.pdf														
Vol30_1_1_JDHughes	The Effect of Knowledge of Indian Biota on Ecological Thought	1995	IJHS-30-1995-Issue-1	ijhs/Vol30_1_1_JDHughes.pdf														
Vol30_1_2_PManansala	Sungka Mathematics ofg the Philippines	1995	IJHS-30-1995-Issue-1	ijhs/Vol30_1_2_PManansala.pdf														
Vol30_1_3_NCRana	On The Meaning of the Mula Naksatra	1995	IJHS-30-1995-Issue-1	ijhs/Vol30_1_3_NCRana.pdf														
Vol30_1_4_AMukhopadhyay	Polygonal Approximation to Circle and Madhavacarya	1995	IJHS-30-1995-Issue-1	ijhs/Vol30_1_4_AMukhopadhyay.pdf														
Vol30_1_5_JInsley	Making Mountains out of Molehills? George Everest and Henry Barrow, 1830-39	1995	IJHS-30-1995-Issue-1	ijhs/Vol30_1_5_JInsley.pdf														
Vol30_1_6_LCJain	The Method for Finding out the Number of Moons and their Families in the Tiloyapannatti	1995	IJHS-30-1995-Issue-1	ijhs/Vol30_1_6_LCJain.pdf														
Vol30_1_7_BookReview	Book Review	1995	IJHS-30-1995-Issue-1	ijhs/Vol30_1_7_BookReview.pdf														
Vol30_1_8_ReviewReport	A National Report on Studies in HOS in India (1990-93)	1995	IJHS-30-1995-Issue-1	ijhs/Vol30_1_8_ReviewReport.pdf														
Vol30_2and3and4_1_APGreeshmalatha	Kattamaran in South Kerala— A Study of Constructional Techniques	1995	IJHS-30-1995-Issue-2to4	ijhs/Vol30_2and3and4_1_APGreeshmalatha.pdf														
Vol30_2and3and4_2_LCJain	Certain Special Features of the Ancient Jaina Calender	1995	IJHS-30-1995-Issue-2to4	ijhs/Vol30_2and3and4_2_LCJain.pdf														
Vol30_2and3and4_3_MSKhan	Tabaqat Al–Umam of Qadi Sai–id Al–Andalusi (1029-1070)	1995	IJHS-30-1995-Issue-2to4	ijhs/Vol30_2and3and4_3_MSKhan.pdf														
Vol30_2and3and4_4_AKChakravarty	Three 19th Century Calcutta Astronomers	1995	IJHS-30-1995-Issue-2to4	ijhs/Vol30_2and3and4_4_AKChakravarty.pdf														
Vol30_2and3and4_5_BookReviews	Book Reviews	1995	IJHS-30-1995-Issue-2to4	ijhs/Vol30_2and3and4_5_BookReviews.pdf														
Vol30_2and3and4_6_News	News	1995	IJHS-30-1995-Issue-2to4	ijhs/Vol30_2and3and4_6_News.pdf														
Vol30_2and3and4_7_Supplementary_HistoryofMagneticStudiesinIndia	SupplementHistory of Magnetic Studies in India 1850to1980-— A Bibliography	1995	IJHS-30-1995-Issue-2to4	ijhs/Vol30_2and3and4_7_Supplementary_HistoryofMagneticStudiesinIndia.pdf														
Vol31_1_1_AKChakravarty	Evolution of Dating System	1996	IJHS-31-1996-Issue-1	ijhs/Vol31_1_1_AKChakravarty.pdf														
Vol31_1_2_KDAbhyankar	Kalyuga‚ Saptarsi‚ Yudhisthra and Laukika Eras	1996	IJHS-31-1996-Issue-1	ijhs/Vol31_1_2_KDAbhyankar.pdf														
Vol31_1_3_AMShastri_vikrama	Vikrama Era	1996	IJHS-31-1996-Issue-1	ijhs/Vol31_1_3_AMShastri_vikrama.pdf														
Vol31_1_4_AMShastri_Saka	Saka Era	1996	IJHS-31-1996-Issue-1	ijhs/Vol31_1_4_AMShastri_Saka.pdf														
Vol31_1_5_ABhattacharyya	Bengali San	1996	IJHS-31-1996-Issue-1	ijhs/Vol31_1_5_ABhattacharyya.pdf														
Vol31_1_6_KVSarma	Kollam Era	1996	IJHS-31-1996-Issue-1	ijhs/Vol31_1_6_KVSarma.pdf														
Vol31_1_7_NewsSeminarPublications	News and Seminar Publications	1996	IJHS-31-1996-Issue-1	ijhs/Vol31_1_7_NewsSeminarPublications.pdf														
Vol31_1_8_SupplementBibliographyon%20MagneticStudies	Supplement: History of Magnetic Studies in India 1850–1980	1996	IJHS-31-1996-Issue-1	ijhs/Vol31_1_8_SupplementBibliographyon%20MagneticStudies.pdf														
Vol31_2_1_PVSharma	Original Concept of Soma	1996	IJHS-31-1996-Issue-2	ijhs/Vol31_2_1_PVSharma.pdf														
Vol31_2_2_KHKrishnamurthy	A Botanical Account of Valmiki’s Pancavati	1996	IJHS-31-1996-Issue-2	ijhs/Vol31_2_2_KHKrishnamurthy.pdf														
Vol31_2_3_VMishra	Theorem of Square on the Diagonal in Vedic Geometry and its Application	1996	IJHS-31-1996-Issue-2	ijhs/Vol31_2_3_VMishra.pdf														
Vol31_2_4_LGopal	Emergence of Vrksayurveda	1996	IJHS-31-1996-Issue-2	ijhs/Vol31_2_4_LGopal.pdf														
Vol31_2_5_DPingree	Sanskrit Geographical Tables	1996	IJHS-31-1996-Issue-2	ijhs/Vol31_2_5_DPingree.pdf														
Vol31_2_6_NewsMonographPublications	News	1996	IJHS-31-1996-Issue-2	ijhs/Vol31_2_6_NewsMonographPublications.pdf														
Vol31_3_1_HWLaale	Embyology and Abortion in Indian Antiquity: A Brief Survey	1996	IJHS-31-1996-Issue-3	ijhs/Vol31_3_1_HWLaale.pdf														
Vol31_3_2_MBanerjee	Sanskrit Vastu–Works on Soil–Testing	1996	IJHS-31-1996-Issue-3	ijhs/Vol31_3_2_MBanerjee.pdf														
Vol31_3_3_SDSharma	Conjunction of Jupiter with δ Cancri	1996	IJHS-31-1996-Issue-3	ijhs/Vol31_3_3_SDSharma.pdf														
Vol31_3_4_VDeshpande	A Note on Ancient Zinc Smelting in India and China	1996	IJHS-31-1996-Issue-3	ijhs/Vol31_3_4_VDeshpande.pdf														
Vol31_3_5_PKMisra	Evaluation of the Accuracy of Measurements in Indian Astronomy – I: Samanta Candrasekhara	1996	IJHS-31-1996-Issue-3	ijhs/Vol31_3_5_PKMisra.pdf														
Vol31_3_6_BookReviewandNews	Book Review and News	1996	IJHS-31-1996-Issue-3	ijhs/Vol31_3_6_BookReviewandNews.pdf														
Vol31_4_1_MJShendge	Beginning of Scientific Observations: Founding of Linguistic Science in India	1996	IJHS-31-1996-Issue-4	ijhs/Vol31_4_1_MJShendge.pdf														
Vol31_4_2_RKrishnamurthy	Water in Ancient India	1996	IJHS-31-1996-Issue-4	ijhs/Vol31_4_2_RKrishnamurthy.pdf														
Vol31_4_3_SDas	Multiplication and Divisibility of Numbers – The Sutra Way	1996	IJHS-31-1996-Issue-4	ijhs/Vol31_4_3_SDas.pdf														
Vol31_4_4_VJDeshpande	Musavijnana or the Ancient Science of Crucibles	1996	IJHS-31-1996-Issue-4	ijhs/Vol31_4_4_VJDeshpande.pdf														
Vol31_4_5_MKChandrashekaran	JC Bose’s Views on Biological Rhythms	1996	IJHS-31-1996-Issue-4	ijhs/Vol31_4_5_MKChandrashekaran.pdf														
Vol31_4_6_NCShah	Norman Gill: The Pioneer Horticulturist of the Hills of Uttar Pradesh – A Tribute	1996	IJHS-31-1996-Issue-4	ijhs/Vol31_4_6_NCShah.pdf														
Vol31_4_7_BookReview	BookReview	1996	IJHS-31-1996-Issue-4	ijhs/Vol31_4_7_BookReview.pdf														
Vol32_1_10_SupplementRasahrdayatantramCh1to10	Supplement: Rasahrdayatantram	1997	IJHS-32-1997-Issue-1	ijhs/Vol32_1_10_SupplementRasahrdayatantramCh1to10.pdf														
Vol32_1_1_BPrakash	Use of Metals in Ayuevedic Medicine	1997	IJHS-32-1997-Issue-1	ijhs/Vol32_1_1_BPrakash.pdf														
Vol32_1_2_GVRajamanickam	Traditional Sea Knowledge Prevailing among Tribes of Andaman and Nicobar Islands	1997	IJHS-32-1997-Issue-1	ijhs/Vol32_1_2_GVRajamanickam.pdf														
Vol32_1_3_GAbraham	Ancient and Medieval Star Catalogues	1997	IJHS-32-1997-Issue-1	ijhs/Vol32_1_3_GAbraham.pdf														
Vol32_1_4_AMukhopadhyay	The Concept of Cyclic Quadilaterals: Its Origin and Development in India (From the Age of Sulba Sutras to Bhaskara I)	1997	IJHS-32-1997-Issue-1	ijhs/Vol32_1_4_AMukhopadhyay.pdf														
Vol32_1_5_SKChatterjee	A Note on Kali Era	1997	IJHS-32-1997-Issue-1	ijhs/Vol32_1_5_SKChatterjee.pdf														
Vol32_1_6_BNMukherjee	A Note on the Vikrama and Saka Eras	1997	IJHS-32-1997-Issue-1	ijhs/Vol32_1_6_BNMukherjee.pdf														
Vol32_1_7_BookReview	Book Review: Kasyapa–Samhita	1997	IJHS-32-1997-Issue-1	ijhs/Vol32_1_7_BookReview.pdf														
Vol32_1_9_NewsandAcademyPublicationsonHOS	News	1997	IJHS-32-1997-Issue-1	ijhs/Vol32_1_9_NewsandAcademyPublicationsonHOS.pdf														
Vol32_2_1_SCKak	On th Science of Consciousness in Ancient India	1997	IJHS-32-1997-Issue-2	ijhs/Vol32_2_1_SCKak.pdf														
Vol32_2_2_HFrost	Stone Anchors: The Need for Methodical Recording	1997	IJHS-32-1997-Issue-2	ijhs/Vol32_2_2_HFrost.pdf														
Vol32_2_3_VMishra	First Degree Indeterminate Analysis in Ancient India and its Application by Virasena	1997	IJHS-32-1997-Issue-2	ijhs/Vol32_2_3_VMishra.pdf														
Vol32_2_4_GAbraham	Variable Radius Epicycle Model	1997	IJHS-32-1997-Issue-2	ijhs/Vol32_2_4_GAbraham.pdf														
Vol32_2_5_AGhosh	Guru Jones—A Private Engineer in the Colonial Trap	1997	IJHS-32-1997-Issue-2	ijhs/Vol32_2_5_AGhosh.pdf														
Vol32_2_6_KVSarma	In Quests of Early Manuscripts/ Collections Dealing with Science and Technology in India	1997	IJHS-32-1997-Issue-2	ijhs/Vol32_2_6_KVSarma.pdf														
Vol32_2_7_BookReview	Book Review: Technology and the Raj by Roy McLeod and Deepak Kumar	1997	IJHS-32-1997-Issue-2	ijhs/Vol32_2_7_BookReview.pdf														
Vol32_2_8_NewsIndoPortuguesePublicationsonHOS	News	1997	IJHS-32-1997-Issue-2	ijhs/Vol32_2_8_NewsIndoPortuguesePublicationsonHOS.pdf														
Vol32_3_1_KCHari	True Rationale of Surya Siddhanta	1997	IJHS-32-1997-Issue-3	ijhs/Vol32_3_1_KCHari.pdf														
Vol32_3_2_SRSarma	Some Medieval Arithmetical Tables	1997	IJHS-32-1997-Issue-3	ijhs/Vol32_3_2_SRSarma.pdf														
Vol32_3_3_YOhashi	Early History of the Astrolabe in India	1997	IJHS-32-1997-Issue-3	ijhs/Vol32_3_3_YOhashi.pdf														
Vol32_3_4_BookReview	Book Review: Minerals and Metals in Ancient India by A K Biswas	1997	IJHS-32-1997-Issue-3	ijhs/Vol32_3_4_BookReview.pdf														
Vol32_4_1_SCKak	Three old Indian Values of Π	1997	IJHS-32-1997-Issue-4	ijhs/Vol32_4_1_SCKak.pdf														
Vol32_4_2_VMMallayya	Arithmetic Operation of Division with Special Reference to Bhaskara II’s Lilavati and its Commentaries	1997	IJHS-32-1997-Issue-4	ijhs/Vol32_4_2_VMMallayya.pdf														
Vol32_4_3_SKChatterjee	Balinese Traditional Calendar	1997	IJHS-32-1997-Issue-4	ijhs/Vol32_4_3_SKChatterjee.pdf														
Vol32_4_4_BRRao	Guttur – An Iron Age Industrial Centre in Dharmapuri District	1997	IJHS-32-1997-Issue-4	ijhs/Vol32_4_4_BRRao.pdf														
Vol32_4_5_NSaxena	Lolimbaraja and his Contribution to Medicine	1997	IJHS-32-1997-Issue-4	ijhs/Vol32_4_5_NSaxena.pdf														
Vol32_4_6_KSMathew	The Portugese and the Study of Medicinal Plants in India in the Sixteenth Century	1997	IJHS-32-1997-Issue-4	ijhs/Vol32_4_6_KSMathew.pdf														
Vol32_4_7_BookReviewaAndSRSarma	Book Reviews	1997	IJHS-32-1997-Issue-4	ijhs/Vol32_4_7_BookReviewaAndSRSarma.pdf														
Vol32_4_8_NewsMagicSquare	News	1997	IJHS-32-1997-Issue-4	ijhs/Vol32_4_8_NewsMagicSquare.pdf														
Vol33_1_1_SKAdhikari	Babylonian Mathematics	1998	IJHS-33-1998-Issue-1	ijhs/Vol33_1_1_SKAdhikari.pdf														
Vol33_1_2_SCKak	Vena‚ Veda‚ Venus	1998	IJHS-33-1998-Issue-1	ijhs/Vol33_1_2_SCKak.pdf														
Vol33_1_3_SCKak	Sayana’s Astronomy	1998	IJHS-33-1998-Issue-1	ijhs/Vol33_1_3_SCKak.pdf														
Vol33_1_4_SSSarma	Contemporaneity of the Perception on Environment in Kautilya’s Arthasastra	1998	IJHS-33-1998-Issue-1	ijhs/Vol33_1_4_SSSarma.pdf														
Vol33_1_5_SKJain	Some Aspects of Biodiversity and Indian Traditions	1998	IJHS-33-1998-Issue-1	ijhs/Vol33_1_5_SKJain.pdf														
Vol33_1_6_SJJKozhamthadam	Kepler and the Origin of Modern Science	1998	IJHS-33-1998-Issue-1	ijhs/Vol33_1_6_SJJKozhamthadam.pdf														
Vol33_1_7_PublicationonHOS	Publication on History of Science	1998	IJHS-33-1998-Issue-1	ijhs/Vol33_1_7_PublicationonHOS.pdf														
Vol33_1_8_Supplement	Supplement: Tantrasamgraha of Nilakantha Somayaji	1998	IJHS-33-1998-Issue-1	ijhs/Vol33_1_8_Supplement.pdf	608391	583a673c1c38c860a00cf0175f958e510dfea562d951599be53934387e572d7e	raster	48	0	48	48	0	0	26881	gemini-3-flash-preview	0	pdf_profile.v1	2026-09-19T00:23:31.599959+00:00
Vol33_2_10_Supplement	Supplement: Tantrasamgraha of Nilakantha Somayaji	1998	IJHS-33-1998-Issue-2	ijhs/Vol33_2_10_Supplement.pdf	625732	a754fd2cbd744de7ef5ea17d61a786b4f633cfcde9b3eac2d1e33fbe571461c7	raster	44	0	44	44	0	0	24641	gemini-3-flash-preview	0	pdf_profile.v1	2026-09-19T00:23:32.357773+00:00
Vol33_2_1_SCKak	Early Theories on the Distance to the Sun	1998	IJHS-33-1998-Issue-2	ijhs/Vol33_2_1_SCKak.pdf														
Vol33_2_2_BNNAchar	Enigma of the Five–Year Yuga of Vedanga Jyotisa	1998	IJHS-33-1998-Issue-2	ijhs/Vol33_2_2_BNNAchar.pdf	161409	8f3f6b3de260d011360eae2f04e5a2c861b6a068590294239a702f7a375df025	raster	10	0	10	10	0	0	5601	gemini-3-flash-preview	0	pdf_profile.v1	2026-09-19T01:32:02.870080+00:00
Vol33_2_3_SMadabhushi	Seismological Zones of Varahamihira	1998	IJHS-33-1998-Issue-2	ijhs/Vol33_2_3_SMadabhushi.pdf														
Vol33_2_4_AMukhopadhyay	A Step Towards Incommensurability of Π and Bhaskara (I): An Episode of the Sixth Century AD	1998	IJHS-33-1998-Issue-2	ijhs/Vol33_2_4_AMukhopadhyay.pdf														
Vol33_2_5_SSarkar	Indian Craft Technology: Static or Changing – A Case Study of the Kansari’s Craft in Bengal‚ 16th to 18th Centuries	1998	IJHS-33-1998-Issue-2	ijhs/Vol33_2_5_SSarkar.pdf														
Vol33_2_6_SKChatterjee	Traditional Calender of Myanmar (Burma)	1998	IJHS-33-1998-Issue-2	ijhs/Vol33_2_6_SKChatterjee.pdf														
Vol33_2_7_News	News: A Non–Conventional Formula to Calculate the Area of Circle	1998	IJHS-33-1998-Issue-2	ijhs/Vol33_2_7_News.pdf														
Vol33_2_8_ProjectsApproved	Projects Approved and Renewed by the Indian National Commission for History of Science	1998	IJHS-33-1998-Issue-2	ijhs/Vol33_2_8_ProjectsApproved.pdf														
Vol33_2_9_AcademyPublicationsofHOS	Academy Publications on History of Science	1998	IJHS-33-1998-Issue-2	ijhs/Vol33_2_9_AcademyPublicationsofHOS.pdf														
Vol33_3_1_SCKak	The SunU+2019 ’s Orbit in the Brahmanas	1998	IJHS-33-1998-Issue-3	ijhs/Vol33_3_1_SCKak.pdf														
Vol33_3_2_KCHari	On the Origin of KaliyugadiU+2019 ’ Synodic Super-Conjunction	1998	IJHS-33-1998-Issue-3	ijhs/Vol33_3_2_KCHari.pdf														
Vol33_3_3_CSRao	Sriyantra – A Study of Spherical and Plane Forms	1998	IJHS-33-1998-Issue-3	ijhs/Vol33_3_3_CSRao.pdf														
Vol33_3_4_NGDongre	Spectroscopy in Ancient India: An Application of Spectroscopy to Astrophysics	1998	IJHS-33-1998-Issue-3	ijhs/Vol33_3_4_NGDongre.pdf														
Vol33_3_5_ADas	History of Science and Technology in India– Quicksands of Paradigm	1998	IJHS-33-1998-Issue-3	ijhs/Vol33_3_5_ADas.pdf														
Vol33_3_6_AcademyPublicationsofHOS	Academy Publications on History of Science and Announcement	1998	IJHS-33-1998-Issue-3	ijhs/Vol33_3_6_AcademyPublicationsofHOS.pdf														
Vol33_3_7_Supplement	Supplement: Tantrasamgraha of Nilakantha Somayaji	1998	IJHS-33-1998-Issue-3	ijhs/Vol33_3_7_Supplement.pdf	808824	7cb84320d939fe18f07e18fed585a67fa081c87814be2aaa00ad269445d461c6	raster	58	0	58	58	0	0	32481	gemini-3-flash-preview	0	pdf_profile.v1	2026-09-19T00:23:33.231272+00:00
Vol33_4_1_KCHari	On the Origin of Sidereal Zodiac and Astronomy	1998	IJHS-33-1998-Issue-4	ijhs/Vol33_4_1_KCHari.pdf														
Vol33_4_2_PSensarma	Conservation of Biodiversity in Manu–Samhita	1998	IJHS-33-1998-Issue-4	ijhs/Vol33_4_2_PSensarma.pdf														
Vol33_4_3_NGDongre	Prakasa Stambhanabhida Lauha of Maharsi Bharadvaja	1998	IJHS-33-1998-Issue-4	ijhs/Vol33_4_3_NGDongre.pdf														
Vol33_4_4_CPalit	Dr Mahendralal Sircar and Homeopathy	1998	IJHS-33-1998-Issue-4	ijhs/Vol33_4_4_CPalit.pdf														
Vol33_4_5_AcademysPublicationsonHOS	Academy Publications on History of Science	1998	IJHS-33-1998-Issue-4	ijhs/Vol33_4_5_AcademysPublicationsonHOS.pdf														
Vol33_4_6_News	News	1998	IJHS-33-1998-Issue-4	ijhs/Vol33_4_6_News.pdf														
Vol33_4_7_Supplement	Supplement: The Cylindrical Sundial in India	1998	IJHS-33-1998-Issue-4	ijhs/Vol33_4_7_Supplement.pdf														
Vol34_1_1_KCHari	A Critical Study of Vedic Mathematics of Sankaracarya SriBharatiKrsna Tirthaji Maharaj	1999	IJHS-34-1999-Issue-1	ijhs/Vol34_1_1_KCHari.pdf														
Vol34_1_2_NKumar	Betel Vine (Piper Betle L.) Cultivation_A Unique Case of Plant Establishment under Anthropogenically Regulated Microclimatic Conditions	1999	IJHS-34-1999-Issue-1	ijhs/Vol34_1_2_NKumar.pdf														
Vol34_1_3_RShrivastva	Smelting Furnaces in Ancient India	1999	IJHS-34-1999-Issue-1	ijhs/Vol34_1_3_RShrivastva.pdf														
Vol34_1_4_AGhosh	PreCommercial Era of Sound Recording in India	1999	IJHS-34-1999-Issue-1	ijhs/Vol34_1_4_AGhosh.pdf														
Vol34_1_5_RSingh	C V Raman‚ M N Saha and The Nobel Prize for the Year 1930	1999	IJHS-34-1999-Issue-1	ijhs/Vol34_1_5_RSingh.pdf														
Vol34_1_6_BookReviews	Book Reviews	1999	IJHS-34-1999-Issue-1	ijhs/Vol34_1_6_BookReviews.pdf														
Vol34_1_7_News	News	1999	IJHS-34-1999-Issue-1	ijhs/Vol34_1_7_News.pdf														
Vol34_2_1_JSPettersson	Indus Numerals on Metal Tools	1999	IJHS-34-1999-Issue-2	ijhs/Vol34_2_1_JSPettersson.pdf														
Vol34_2_2_BNNAchar	On An Astronomical Concept in Visnupurana	1999	IJHS-34-1999-Issue-2	ijhs/Vol34_2_2_BNNAchar.pdf														
Vol34_2_3_Skak	The Solar Numbers in Angkor Wat	1999	IJHS-34-1999-Issue-2	ijhs/Vol34_2_3_Skak.pdf														
Vol34_2_4_DKKanjilal	A Note On The Vrksayurveda of Parasara	1999	IJHS-34-1999-Issue-2	ijhs/Vol34_2_4_DKKanjilal.pdf														
Vol34_2_5_KCHari	Intricacy of The Siddhantic Solar Year	1999	IJHS-34-1999-Issue-2	ijhs/Vol34_2_5_KCHari.pdf	198467	bafa02d654dbf20bec37336c88ef9195f70baf1070b9818126234ee7f8af794d	raster	12	0	12	11	0	0	6721	gemini-3-flash-preview	0	pdf_profile.v1	2026-09-19T01:32:03.923962+00:00
Vol34_2_6_SRSarma	Yantraraja: The Astrolabe in Sanskrit	1999	IJHS-34-1999-Issue-2	ijhs/Vol34_2_6_SRSarma.pdf														
Vol34_2_7_BookReviews	Book Reviews	1999	IJHS-34-1999-Issue-2	ijhs/Vol34_2_7_BookReviews.pdf														
Vol34_2_8_News	News	1999	IJHS-34-1999-Issue-2	ijhs/Vol34_2_8_News.pdf														
Vol34_2_9_AcademyPublicationsonHOS	Academy Publications on HOS	1999	IJHS-34-1999-Issue-2	ijhs/Vol34_2_9_AcademyPublicationsonHOS.pdf														
Vol34_3_1_RShrivastva	Mining of Copper in Ancient India	1999	IJHS-34-1999-Issue-3	ijhs/Vol34_3_1_RShrivastva.pdf														
Vol34_3_2_RNIyengar	Earthquake History of India in Medieval Times	1999	IJHS-34-1999-Issue-3	ijhs/Vol34_3_2_RNIyengar.pdf														
Vol34_3_3_NKMaitra	Michael Faraday Vis–A–Vis Chandrasekhar	1999	IJHS-34-1999-Issue-3	ijhs/Vol34_3_3_NKMaitra.pdf														
Vol34_3_4_BookReviews	Book Review	1999	IJHS-34-1999-Issue-3	ijhs/Vol34_3_4_BookReviews.pdf														
Vol34_3_5_News	News— Academy Publications on HOS	1999	IJHS-34-1999-Issue-3	ijhs/Vol34_3_5_News.pdf														
Vol34_4_1_BSasisekaran	Technology of Iron and Steel in Kodumal— An Ancient Industrial Centre in Tamil Nadu	1999	IJHS-34-1999-Issue-4	ijhs/Vol34_4_1_BSasisekaran.pdf														
Vol34_4_2_SRSarma	Katapayadi Notation on a Sanskrit Astrolabe	1999	IJHS-34-1999-Issue-4	ijhs/Vol34_4_2_SRSarma.pdf														
Vol34_4_3_SGarg	Dams— Engineering Analysisof Alternatives	1999	IJHS-34-1999-Issue-4	ijhs/Vol34_4_3_SGarg.pdf														
Vol34_4_4_RKKochhar	Science in British India	1999	IJHS-34-1999-Issue-4	ijhs/Vol34_4_4_RKKochhar.pdf														
Vol34_4_5_BookReview	Book Review	1999	IJHS-34-1999-Issue-4	ijhs/Vol34_4_5_BookReview.pdf														
Vol34_4_6_News	News	1999	IJHS-34-1999-Issue-4	ijhs/Vol34_4_6_News.pdf														
Vol34_4_7_Supplement_Rasendramangalam	Supplement— Rasendramangalam of Nagarjuna	1999	IJHS-34-1999-Issue-4	ijhs/Vol34_4_7_Supplement_Rasendramangalam.pdf														
Vol35_1_1_BNNAchar	On The Astronomical Basis of the Date of Satapatha Brahmana: A Re–Examination of Dikshit's Theory	2000	IJHS-35-2000-Issue-1	ijhs/Vol35_1_1_BNNAchar.pdf														
Vol35_1_2_KCHari	Date of the Solar Orbit of Satapatha Brahmana	2000	IJHS-35-2000-Issue-1	ijhs/Vol35_1_2_KCHari.pdf	66460	4dcb09f44346054761db31440ac03fb721ed597752c3800feec923c3921e4283	raster	5	0	5	5	0	0	2801	gemini-3-flash-preview	0	pdf_profile.v1	2026-09-19T01:32:04.811231+00:00
Vol35_1_3_PSensarma	Dietary Diversity in Manu–Samhita	2000	IJHS-35-2000-Issue-1	ijhs/Vol35_1_3_PSensarma.pdf														
Vol35_1_4_BvDalen	Origin of the Mean Motion Tables of Jai Singh	2000	IJHS-35-2000-Issue-1	ijhs/Vol35_1_4_BvDalen.pdf														
Vol35_1_5_HSingh	Pharmaceutical Society of India: The oldest Indian Pharmaceutical Organisation	2000	IJHS-35-2000-Issue-1	ijhs/Vol35_1_5_HSingh.pdf														
Vol35_1_6_BookReviews	Book Reviews	2000	IJHS-35-2000-Issue-1	ijhs/Vol35_1_6_BookReviews.pdf														
Vol35_1_7_Notices	Notices	2000	IJHS-35-2000-Issue-1	ijhs/Vol35_1_7_Notices.pdf														
Vol35_3_1_BNNAchar	A Case for Revising the Date of Vedanga Jyotisa	2000	IJHS-35-2000-Issue-3	ijhs/Vol35_3_1_BNNAchar.pdf	153049	8ec82d5848766ef182fa33ca7c256a9e3a0b58a6aa024c08469298d660027f1a	raster	11	0	11	11	0	0	6161	gemini-3-flash-preview	0	pdf_profile.v1	2026-09-19T01:32:05.677969+00:00
Vol35_3_2_KDAbhyankar	Babylonian Source of Aryabhata’s Planetary Constants	2000	IJHS-35-2000-Issue-3	ijhs/Vol35_3_2_KDAbhyankar.pdf														
Vol35_3_3_THayashi	Govindaswamin’s Arithmetic Rules Cited in the Kriyakramakari of Sankara and Narayana	2000	IJHS-35-2000-Issue-3	ijhs/Vol35_3_3_THayashi.pdf														
Vol35_3_4_VNSharma	Astronomical Instruments at Kota	2000	IJHS-35-2000-Issue-3	ijhs/Vol35_3_4_VNSharma.pdf														
Vol35_3_5_IHabib	Joseph Needham and the History of Indian Technology	2000	IJHS-35-2000-Issue-3	ijhs/Vol35_3_5_IHabib.pdf														
Vol35_3_6_BookReviews	Book Reviews	2000	IJHS-35-2000-Issue-3	ijhs/Vol35_3_6_BookReviews.pdf														
Vol35_3_7_Notices	Notices	2000	IJHS-35-2000-Issue-3	ijhs/Vol35_3_7_Notices.pdf														
Vol35_3_8_Conferences	Conferences: NISTADS INSA Workshop on History of Science in India	2000	IJHS-35-2000-Issue-3	ijhs/Vol35_3_8_Conferences.pdf														
Vol35_4_1_BNNAchar	On the Caitradi Scheme	2000	IJHS-35-2000-Issue-4	ijhs/Vol35_4_1_BNNAchar.pdf														
Vol35_4_2_HThurston	Planetary Revolutions in Indian Astronomy	2000	IJHS-35-2000-Issue-4	ijhs/Vol35_4_2_HThurston.pdf														
Vol35_4_3_DRaina	Jean–Baptiste Biot on the History of Indian Astronomy (1830–1860): The Nation in the Post–Enlightenment Historiography of Science	2000	IJHS-35-2000-Issue-4	ijhs/Vol35_4_3_DRaina.pdf														
Vol35_4_4_BookReviews	Book Reviews	2000	IJHS-35-2000-Issue-4	ijhs/Vol35_4_4_BookReviews.pdf														
Vol35_4_5_SupplementsHOSResearchProjects	Supplements	2000	IJHS-35-2000-Issue-4	ijhs/Vol35_4_5_SupplementsHOSResearchProjects.pdf														
Vol36_1and2_1_RBalasubramanian	New Insights on the 1600 Year Old Corrosion Resistant Delhi Iron Pillar	2001	IJHS-36-2001-Issue-1&2	ijhs/Vol36_1and2_1_RBalasubramanian.pdf														
Vol36_1and2_2_SRSarma	Measuring Time With Long Syllables	2001	IJHS-36-2001-Issue-1&2	ijhs/Vol36_1and2_2_SRSarma.pdf														
Vol36_1and2_3_AKBag	Ahargana and Weekdays As Per Modern Suryasiddhanta	2001	IJHS-36-2001-Issue-1&2	ijhs/Vol36_1and2_3_AKBag.pdf														
Vol36_1and2_4_BookReview	Book Reviews	2001	IJHS-36-2001-Issue-1&2	ijhs/Vol36_1and2_4_BookReview.pdf														
Vol36_1and2_5_Notices	Notices of Journals	2001	IJHS-36-2001-Issue-1&2	ijhs/Vol36_1and2_5_Notices.pdf														
Vol36_1and2_6_Conferences	Conferences	2001	IJHS-36-2001-Issue-1&2	ijhs/Vol36_1and2_6_Conferences.pdf														
Vol36_1and2_7_Projects	Projects Approved and Renewed by the Indian National Commission for History of Science	2001	IJHS-36-2001-Issue-1&2	ijhs/Vol36_1and2_7_Projects.pdf														
Vol36_3and4_1_BSasisekaran	Technology of Forge Welding Adopted at Mallappadi – An Iron Age Site in Tamil Nadu	2001	IJHS-36-2001-Issue-3&4	ijhs/Vol36_3and4_1_BSasisekaran.pdf														
Vol36_3and4_2_KVSarma	Aryabhata: His name‚ Time and Provenance	2001	IJHS-36-2001-Issue-3&4	ijhs/Vol36_3and4_2_KVSarma.pdf														
Vol36_3and4_3_YVJeppu	Aryabhata’s Kaliyuga Revisited: An Optimization Problem	2001	IJHS-36-2001-Issue-3&4	ijhs/Vol36_3and4_3_YVJeppu.pdf														
Vol36_3and4_4_KCHari	Vakyakarana–A Study	2001	IJHS-36-2001-Issue-3&4	ijhs/Vol36_3and4_4_KCHari.pdf														
Vol36_3and4_5_GSSodhi	A Tale of Two Fingerprint Experts	2001	IJHS-36-2001-Issue-3&4	ijhs/Vol36_3and4_5_GSSodhi.pdf														
Vol36_3and4_6_BookReviews	Book Reviews	2001	IJHS-36-2001-Issue-3&4	ijhs/Vol36_3and4_6_BookReviews.pdf														
Vol36_3and4_7_ProjectReport	Project Report: Search for Ancient Indian Records of the Sighting of Supernovae	2001	IJHS-36-2001-Issue-3&4	ijhs/Vol36_3and4_7_ProjectReport.pdf														
Vol36_3and4_8_Conferences	Conferences	2001	IJHS-36-2001-Issue-3&4	ijhs/Vol36_3and4_8_Conferences.pdf														
Vol37_1_1_RBalasubramaniam	Studies of Ancient Indian OCP Period Copper	2002	IJHS-37-2002-Issue-1	ijhs/Vol37_1_1_RBalasubramaniam.pdf														
Vol37_1_2_BSasisekaran	Metallurgy and Metal Industry in Ancient Tamil Nadu— An Archaeological Study	2002	IJHS-37-2002-Issue-1	ijhs/Vol37_1_2_BSasisekaran.pdf														
Vol37_1_3_KDAbhyankar	Probable Rationale for Unequal Naksatra Divisions in Jain Astronomy	2002	IJHS-37-2002-Issue-1	ijhs/Vol37_1_3_KDAbhyankar.pdf														
Vol37_1_4_VJha	Indigenous Colours in Mithila(North Bihar)– A Historical Perspective	2002	IJHS-37-2002-Issue-1	ijhs/Vol37_1_4_VJha.pdf														
Vol37_1_5_TVVenkateswaran	The Topography of a Changing World	2002	IJHS-37-2002-Issue-1	ijhs/Vol37_1_5_TVVenkateswaran.pdf														
Vol37_1_6_BookReview	Book Review	2002	IJHS-37-2002-Issue-1	ijhs/Vol37_1_6_BookReview.pdf														
Vol37_1_7_Conference	Conferences	2002	IJHS-37-2002-Issue-1	ijhs/Vol37_1_7_Conference.pdf														
Vol37_1_9_Supplement%20ScientificPeriodicals	Supplement: Growth of Scientific Periodicals in India (1788– 1900)	2002	IJHS-37-2002-Issue-1	ijhs/Vol37_1_9_Supplement%20ScientificPeriodicals.pdf														
Vol37_2_10_INCforHOS	Indian National Commission for History of Science: Projects Renewed and Approved	2002	IJHS-37-2002-Issue-2	ijhs/Vol37_2_10_INCforHOS.pdf														
Vol37_2_11_SupplementScientificPeriodicals	Supplement: Growth of Scientific Periodicals in India (1788– 1900)	2002	IJHS-37-2002-Issue-2	ijhs/Vol37_2_11_SupplementScientificPeriodicals.pdf														
Vol37_2_1_BNNAchar	Aryabhata and the table of Rsines	2002	IJHS-37-2002-Issue-2	ijhs/Vol37_2_1_BNNAchar.pdf														
Vol37_2_2_KCHari	Genesis and Antecedents of Aryabhatiya	2002	IJHS-37-2002-Issue-2	ijhs/Vol37_2_2_KCHari.pdf														
Vol37_2_3_RBalasubramaniam	A New Study of Dhar Iron Pillar	2002	IJHS-37-2002-Issue-2	ijhs/Vol37_2_3_RBalasubramaniam.pdf														
Vol37_2_4_JWisniak	Fritz Haber— A Conflicting Chemist	2002	IJHS-37-2002-Issue-2	ijhs/Vol37_2_4_JWisniak.pdf														
Vol37_2_5_RSingh	Sir C V Raman and his contacts with Hungarian Scientists	2002	IJHS-37-2002-Issue-2	ijhs/Vol37_2_5_RSingh.pdf														
Vol37_2_6_BookReview	Book Review	2002	IJHS-37-2002-Issue-2	ijhs/Vol37_2_6_BookReview.pdf														
Vol37_2_7_ProjectReport	Projects Report: Minerals and Metals in Ancient India	2002	IJHS-37-2002-Issue-2	ijhs/Vol37_2_7_ProjectReport.pdf														
Vol37_2_8_Conferences	Conferences: Indian History Congress	2002	IJHS-37-2002-Issue-2	ijhs/Vol37_2_8_Conferences.pdf														
Vol37_2_9_BChaki	Conferences: National Seminar	2002	IJHS-37-2002-Issue-2	ijhs/Vol37_2_9_BChaki.pdf														
Vol37_3_10_SupplementScientificPeriodicalsBKSen	Supplement: Growth of Scientific Periodicals in India (1788– 1900)	2002	IJHS-37-2002-Issue-3	ijhs/Vol37_3_10_SupplementScientificPeriodicalsBKSen.pdf														
Vol37_3_1_KDAbhyankar	On Two Important Provisions in Vedanga&ndash Jyotisa	2002	IJHS-37-2002-Issue-3	ijhs/Vol37_3_1_KDAbhyankar.pdf	132641	0796ad70bb7ed6e8bc25a5d026495fc2c04e5efb71dd61d1b11549354df74d7c	raster	9	0	9	9	0	0	5041	gemini-3-flash-preview	0	pdf_profile.v1	2026-09-19T01:32:06.596915+00:00
Vol37_3_2_KCHari	Date of Haridatta‚ Promulgator of the Prahita System of Astronomy in Kerala	2002	IJHS-37-2002-Issue-3	ijhs/Vol37_3_2_KCHari.pdf														
Vol37_3_3_DJadhav	Nemicandra’s Rule for the Volume of a Sphere	2002	IJHS-37-2002-Issue-3	ijhs/Vol37_3_3_DJadhav.pdf														
Vol37_3_4_SMRAnsari	Practical Astronomy in Indo–Persian Sources	2002	IJHS-37-2002-Issue-3	ijhs/Vol37_3_4_SMRAnsari.pdf														
Vol37_3_5_RSingh	Sir CV Raman‚ Dame Kathleen Lonsdale and their Scientific Controversy due to the Diffuse Spots in X–ray Photographs	2002	IJHS-37-2002-Issue-3	ijhs/Vol37_3_5_RSingh.pdf														
Vol37_3_6_BookReview	Book Review: Ayurvedic remedies for the whole family	2002	IJHS-37-2002-Issue-3	ijhs/Vol37_3_6_BookReview.pdf														
Vol37_3_7_ProjectReport	Project Report: Shipping and ship building in India– Medieval Period	2002	IJHS-37-2002-Issue-3	ijhs/Vol37_3_7_ProjectReport.pdf														
Vol37_3_8_Obituary	Orbituary: Apurba Kumar Chakravarty	2002	IJHS-37-2002-Issue-3	ijhs/Vol37_3_8_Obituary.pdf														
Vol37_3_9_NoticeofJournals	Notice of Journals	2002	IJHS-37-2002-Issue-3	ijhs/Vol37_3_9_NoticeofJournals.pdf														
Vol37_4_10_NoticeofJournals	Notice of Journals	2002	IJHS-37-2002-Issue-4	ijhs/Vol37_4_10_NoticeofJournals.pdf														
Vol37_4_1_MMishra	The Objective Criteria in Deciphering the Indus Script	2002	IJHS-37-2002-Issue-4	ijhs/Vol37_4_1_MMishra.pdf														
Vol37_4_2_TLaha	Material and Electrochemical Characterization of Ancient Indian OCP Period Copper	2002	IJHS-37-2002-Issue-4	ijhs/Vol37_4_2_TLaha.pdf														
Vol37_4_3_KCHari	An Early Eclipse Record of Indian Astronomy	2002	IJHS-37-2002-Issue-4	ijhs/Vol37_4_3_KCHari.pdf														
Vol37_4_4_NCShah	Hugh Martin Leake: A Historical Memoir	2002	IJHS-37-2002-Issue-4	ijhs/Vol37_4_4_NCShah.pdf														
Vol37_4_5_SSen	The beginning of Biochemical Researches in India— An Historical Perspective	2002	IJHS-37-2002-Issue-4	ijhs/Vol37_4_5_SSen.pdf														
Vol37_4_6_BookReview	Book Review : Kautilya’s Arthasastra in the light of modern science and technology	2002	IJHS-37-2002-Issue-4	ijhs/Vol37_4_6_BookReview.pdf														
Vol37_4_8_ProjectReport	Project Report: Raj Nighantu of Narhari Pandit	2002	IJHS-37-2002-Issue-4	ijhs/Vol37_4_8_ProjectReport.pdf														
Vol37_4_9_Obituary	Orbituary: Shabbir Ahmad Khan Ghori	2002	IJHS-37-2002-Issue-4	ijhs/Vol37_4_9_Obituary.pdf														
Vol38_1_1_RCGupta	Agni–Kunda—A Negelected Area of Study in the History of Ancient Mathematics	2003	IJHS-38-2003-Issue-1	ijhs/Vol38_1_1_RCGupta.pdf														
Vol38_1_2_AKBag	Luni–Solar Calender‚ Kali Ahargana and Julian Days	2003	IJHS-38-2003-Issue-1	ijhs/Vol38_1_2_AKBag.pdf														
Vol38_1_3_AKBag	A Note on the Ahargana and the Weekdays as per Modern Suryasiddhanta	2003	IJHS-38-2003-Issue-1	ijhs/Vol38_1_3_AKBag.pdf														
Vol38_1_4_KCHari	Eclipse Observations of Paramesvara‚ the 14–15th century Astronomer of Kerala	2003	IJHS-38-2003-Issue-1	ijhs/Vol38_1_4_KCHari.pdf														
Vol38_1_5_SFTuan	Dirac and Heisenberg in Hawaii	2003	IJHS-38-2003-Issue-1	ijhs/Vol38_1_5_SFTuan.pdf														
Vol38_1_6_BookReview	Book Review: Metallurgy in Indian Archaeology	2003	IJHS-38-2003-Issue-1	ijhs/Vol38_1_6_BookReview.pdf														
Vol38_1_7_Obituary	Obituary: Jagat Narain Kapur	2003	IJHS-38-2003-Issue-1	ijhs/Vol38_1_7_Obituary.pdf														
Vol38_2_1_RNIyengar	Internal Consistency of Eclipses and Planetary Positions in Mahabharata	2003	IJHS-38-2003-Issue-2	ijhs/Vol38_2_1_RNIyengar.pdf														
Vol38_2_2_JLCoze	About the Signification of Wootz and Other Names Given to Steel	2003	IJHS-38-2003-Issue-2	ijhs/Vol38_2_2_JLCoze.pdf														
Vol38_2_3_KRamasubramanian	Corrections to the Terrestrial Latitude in Tantrasangraha	2003	IJHS-38-2003-Issue-2	ijhs/Vol38_2_3_KRamasubramanian.pdf														
Vol38_2_4_BRRao	Cudamaninighantu — An Unpublished Work on Dravyaguna by Suraya	2003	IJHS-38-2003-Issue-2	ijhs/Vol38_2_4_BRRao.pdf														
Vol38_2_5_RSingh	C V Raman and the American Scientists	2003	IJHS-38-2003-Issue-2	ijhs/Vol38_2_5_RSingh.pdf														
Vol38_2_6_BookReview	Book Review: The Ganitasarasangraha of Sri Mahaviracarya	2003	IJHS-38-2003-Issue-2	ijhs/Vol38_2_6_BookReview.pdf														
Vol38_2_7_ProjectReport	Project Report: Botanist Jaikrishnabhai – Life and Contributions by JJ Shah	2003	IJHS-38-2003-Issue-2	ijhs/Vol38_2_7_ProjectReport.pdf														
Vol38_2_8_IndianNationalCommissionforHOS	Indian National Commission for History of Science: Projects Renewed and Approved	2003	IJHS-38-2003-Issue-2	ijhs/Vol38_2_8_IndianNationalCommissionforHOS.pdf														
Vol38_2_9_Conferences	Conferences	2003	IJHS-38-2003-Issue-2	ijhs/Vol38_2_9_Conferences.pdf														
Vol38_3_1_RBalasubramaniam	Influence of Manufacturing Methodology on the Corrosion Resistance of the Delhi Iron Pillar	2003	IJHS-38-2003-Issue-3	ijhs/Vol38_3_1_RBalasubramaniam.pdf														
Vol38_3_2_BSasisekaran	Archaeo Metallurgical Study on Select Pallava Coins	2003	IJHS-38-2003-Issue-3	ijhs/Vol38_3_2_BSasisekaran.pdf														
Vol38_3_3_KCHari	Computation of the True Moon by Madhava of Sangama–Grama	2003	IJHS-38-2003-Issue-3	ijhs/Vol38_3_3_KCHari.pdf														
Vol38_3_4_SBRao	Lunar Eclipse Computation in Indian Astronomy with Special Reference to Grahalaghavam	2003	IJHS-38-2003-Issue-3	ijhs/Vol38_3_4_SBRao.pdf														
Vol38_3_5_IGKhan	The Awadh Scientific Renaissance and the Role of the French: C 1750–1820	2003	IJHS-38-2003-Issue-3	ijhs/Vol38_3_5_IGKhan.pdf														
Vol38_3_6_BookReview	Book Review: Science and Technology in the Islamic World	2003	IJHS-38-2003-Issue-3	ijhs/Vol38_3_6_BookReview.pdf														
Vol38_3_7_ProjectReport	Project Report	2003	IJHS-38-2003-Issue-3	ijhs/Vol38_3_7_ProjectReport.pdf														
Vol38_3_8_Obituary	Obituary: T A Sarasvati Amma	2003	IJHS-38-2003-Issue-3	ijhs/Vol38_3_8_Obituary.pdf														
Vol38_3_9_Supplement	Supplement: Brahmasphutasiddhanta	2003	IJHS-38-2003-Issue-3	ijhs/Vol38_3_9_Supplement.pdf														
Vol38_4_1_PSensarma	Dietary Biodiversity in Yajnavalkya–Samhita	2003	IJHS-38-2003-Issue-4	ijhs/Vol38_4_1_PSensarma.pdf														
Vol38_4_2_RBalasubramaniam	Some Metallurgical Aspects of Gupta Period Gold Coin Manufacturing Technology	2003	IJHS-38-2003-Issue-4	ijhs/Vol38_4_2_RBalasubramaniam.pdf														
Vol38_4_3_ACMandal	Numismatic Study of Malhar Coins by the Energy Dispersive X–Ray Fluorescence (EDXRF) Technique	2003	IJHS-38-2003-Issue-4	ijhs/Vol38_4_3_ACMandal.pdf														
Vol38_4_4_GAbraham	Observational Astronomy	2003	IJHS-38-2003-Issue-4	ijhs/Vol38_4_4_GAbraham.pdf														
Vol38_4_5_RSingh	Richard Bar and his contacts with the Indian Nobel Laureate Sir CV Raman	2003	IJHS-38-2003-Issue-4	ijhs/Vol38_4_5_RSingh.pdf														
Vol38_4_6_BookReview	Book Review: Ancient Indian Astronomy – Planetary Positions and Eclipses	2003	IJHS-38-2003-Issue-4	ijhs/Vol38_4_6_BookReview.pdf														
Vol38_4_7_Conference	Conference: 12th World Sanskrit Conference – A Report	2003	IJHS-38-2003-Issue-4	ijhs/Vol38_4_7_Conference.pdf														
Vol38_4_8_News	News: Books Received for Review (2003)	2003	IJHS-38-2003-Issue-4	ijhs/Vol38_4_8_News.pdf														
Vol38_4_9_CHAMANewsletter	Chama Newsletter	2003	IJHS-38-2003-Issue-4	ijhs/Vol38_4_9_CHAMANewsletter.pdf														
Vol39_1_10_News	News: 22nd International Congress of History of Science‚ July 2005‚ Beijing	2004	IJHS-39-2004-Issue-1	ijhs/Vol39_1_10_News.pdf														
Vol39_1_1_RSatyanarayana	Vina Keyboards – Origin	2004	IJHS-39-2004-Issue-1	ijhs/Vol39_1_1_RSatyanarayana.pdf														
Vol39_1_2_RNIyengar	Profile of A Natural Disaster in Ancient Sanskrit Literature	2004	IJHS-39-2004-Issue-1	ijhs/Vol39_1_2_RNIyengar.pdf														
Vol39_1_3_MIDass	Estimation of the Original Erection Site of the Delhi Iron Pillar at Udayagiri	2004	IJHS-39-2004-Issue-1	ijhs/Vol39_1_3_MIDass.pdf														
Vol39_1_4_JWisniak	Dyes from Antiquity to Synthesis	2004	IJHS-39-2004-Issue-1	ijhs/Vol39_1_4_JWisniak.pdf														
Vol39_1_5_JNSinha	Science and Culture under Colonialism: India Between the World Wars	2004	IJHS-39-2004-Issue-1	ijhs/Vol39_1_5_JNSinha.pdf														
Vol39_1_6_BookReview	Book Review: Astronomical Instruments in the Ramur Raza Library	2004	IJHS-39-2004-Issue-1	ijhs/Vol39_1_6_BookReview.pdf														
Vol39_1_9_SRSarma	Magic Square for 2004	2004	IJHS-39-2004-Issue-1	ijhs/Vol39_1_9_SRSarma.pdf														
Vol39_2_1_SKAcharya	Dani’s Hypothesis on the Symbol Formation in Brahmi	2004	IJHS-39-2004-Issue-2	ijhs/Vol39_2_1_SKAcharya.pdf														
Vol39_2_2_KCHari	PV Holay’s Interpretation of the RK-Jyotisa Verses on 19–Year Yuga	2004	IJHS-39-2004-Issue-2	ijhs/Vol39_2_2_KCHari.pdf														
Vol39_2_3_RBalasubramaniam	The Original Image Atop the Delhi Iron Pillar	2004	IJHS-39-2004-Issue-2	ijhs/Vol39_2_3_RBalasubramaniam.pdf														
Vol39_2_4_NAthiyaman	Traditional Pearl and Chank Diving Technique in Gulf of Mannar: A Historical and Ethnographic Study	2004	IJHS-39-2004-Issue-2	ijhs/Vol39_2_4_NAthiyaman.pdf														
Vol39_2_5_HistoricalNotes	Historical Note: 5–Year Yuga in the Vedanga Jyotisa	2004	IJHS-39-2004-Issue-2	ijhs/Vol39_2_5_HistoricalNotes.pdf														
Vol39_2_6_NRathnasree	Historical Note: 1874 Transit Observations of AV Narsinga Rao at Visakhapatnam	2004	IJHS-39-2004-Issue-2	ijhs/Vol39_2_6_NRathnasree.pdf														
Vol39_2_7_BookReviews	Book Reviews	2004	IJHS-39-2004-Issue-2	ijhs/Vol39_2_7_BookReviews.pdf														
Vol39_2_8_Notices	Notices	2004	IJHS-39-2004-Issue-2	ijhs/Vol39_2_8_Notices.pdf														
Vol39_2_9_Supplement	Supplement: Siddhantakaustubha of Jagannathapandita	2004	IJHS-39-2004-Issue-2	ijhs/Vol39_2_9_Supplement.pdf														
Vol39_3_1_ARBasu	A New Knowledge of Madness–Nineteenth Century Asylum Psychiatry in Bengal	2004	IJHS-39-2004-Issue-3	ijhs/Vol39_3_1_ARBasu.pdf														
Vol39_3_2_TVVenkateswaran	Representation of Natural World in the Popular Science Texts during Nineteenth Century Tamil Nadu	2004	IJHS-39-2004-Issue-3	ijhs/Vol39_3_2_TVVenkateswaran.pdf														
Vol39_3_3_ASDhumatkar	Balaji Prabhakar Modak—A Nineteenth Century Science Propagator in Maharashtra	2004	IJHS-39-2004-Issue-3	ijhs/Vol39_3_3_ASDhumatkar.pdf														
Vol39_3_4_ABasu	The Conflict and Change–Over In Indian Chemistry	2004	IJHS-39-2004-Issue-3	ijhs/Vol39_3_4_ABasu.pdf														
Vol39_3_5_HistoricalNotes	Historical Notes: Julian Days in Astronomy	2004	IJHS-39-2004-Issue-3	ijhs/Vol39_3_5_HistoricalNotes.pdf														
Vol39_3_6_SKMajumdar	Historical Notes	2004	IJHS-39-2004-Issue-3	ijhs/Vol39_3_6_SKMajumdar.pdf														
Vol39_3_7_BookReview	Book Reviews	2004	IJHS-39-2004-Issue-3	ijhs/Vol39_3_7_BookReview.pdf														
Vol39_4_1_RRajan	Traditional Gemstone Cutting Technology of Kongu Region in Tamil Nadu	2004	IJHS-39-2004-Issue-4	ijhs/Vol39_4_1_RRajan.pdf														
Vol39_4_2_ANThakur	Therapeutic Use of Urine in Early Indian Medicine	2004	IJHS-39-2004-Issue-4	ijhs/Vol39_4_2_ANThakur.pdf														
Vol39_4_3_KDAbhyankar	Origin of the Moving Eccentric Circle Planetary Model in India	2004	IJHS-39-2004-Issue-4	ijhs/Vol39_4_3_KDAbhyankar.pdf														
Vol39_4_4_SBRao	Mean Planetary Positions According to Grahalaghavam	2004	IJHS-39-2004-Issue-4	ijhs/Vol39_4_4_SBRao.pdf	424066	3fc004bf49d309e4a2a743d6b0957a1d4b43f4cfd6829cbff3826582ceac3791	raster	26	0	26	26	0	0	14561	gemini-3-flash-preview	0	pdf_profile.v1	2026-09-19T00:23:33.634004+00:00
Vol39_4_5_GDYoung	John Greaves’ Astronomica Quaedam: Orientalism and Ptolemaic Cosmography in Seventeenth Century England	2004	IJHS-39-2004-Issue-4	ijhs/Vol39_4_5_GDYoung.pdf														
Vol39_4_6_HistoricalNotes	Historical Notes	2004	IJHS-39-2004-Issue-4	ijhs/Vol39_4_6_HistoricalNotes.pdf														
Vol39_4_7_CmdSKChatterjee	Historical Note: Uniform All India Nirayana Solar Calender	2004	IJHS-39-2004-Issue-4	ijhs/Vol39_4_7_CmdSKChatterjee.pdf														
Vol39_4_8_JNSinha	Book Review: Collected Works of Mahendralal Sircar‚ Eugene Lafont and the Science Movement	2004	IJHS-39-2004-Issue-4	ijhs/Vol39_4_8_JNSinha.pdf														
Vol39_4_9_News	News	2004	IJHS-39-2004-Issue-4	ijhs/Vol39_4_9_News.pdf														
Vol3_2005_01_THE%20FIRST%20CATALOGUE%20ON%20FORGE%20WELDED%20IRON%20CANNONS%20BY%20NEOGI	The First Catalogue of Forge-Welded Iron Cannons by Neogi	2005	IJHS-40-2005-Issue-3	ijhs/Vol3_2005_01_THE%20FIRST%20CATALOGUE%20ON%20FORGE%20WELDED%20IRON%20CANNONS%20BY%20NEOGI.pdf														
Vol3_2005_02_RAJAGOPALA%20THE%20MASSIVE%20IRON%20CANNON%20AT%20THANJAVUR%20IN%20TAMIL%20NADU	Rajaagopala -The Massive Iron Cannon at Thanjavur in Tamil Nadu	2005	IJHS-40-2005-Issue-3	ijhs/Vol3_2005_02_RAJAGOPALA%20THE%20MASSIVE%20IRON%20CANNON%20AT%20THANJAVUR%20IN%20TAMIL%20NADU.pdf														
Vol3_2005_03_DAL%20MARDAN%20THE%20FORGE%20WELDED%20IRON%20CANNON%20AT%20BISHNUPUR	Dal Mardan - The Forge-welded Iron Cannon at Bishnupur	2005	IJHS-40-2005-Issue-3	ijhs/Vol3_2005_03_DAL%20MARDAN%20THE%20FORGE%20WELDED%20IRON%20CANNON%20AT%20BISHNUPUR.pdf														
Vol3_2005_04_THE%20FORGE%20WELDED%20IRON%20CANNON%20AT%20BADA%20BURJ%20OF%20GOLCONDA%20FORT%20RAMPART	The Forge -Welded Iron Cannon at Bada Burj of Golconda Fort Rampart	2005	IJHS-40-2005-Issue-3	ijhs/Vol3_2005_04_THE%20FORGE%20WELDED%20IRON%20CANNON%20AT%20BADA%20BURJ%20OF%20GOLCONDA%20FORT%20RAMPART.pdf														
Vol3_2005_05_THE%20FORGE%20WELDED%20IRON%20CANNON%20AT%20FATEH%20BURJ%20OF%20GOLCONDA%20FORST%20RAMPART	The Forge-Welded Iron Cannon near Fateh Burj of Golconda Fort Rampart	2005	IJHS-40-2005-Issue-3	ijhs/Vol3_2005_05_THE%20FORGE%20WELDED%20IRON%20CANNON%20AT%20FATEH%20BURJ%20OF%20GOLCONDA%20FORST%20RAMPART.pdf														
Vol3_2005_06_BHAVANI%20SANKAR%20THE%20FORGE%20WELDED%20IRON%20CANNON%20AT%20JHANSI%20FORT	Bhavani Sankar - The Forge-welded Iron Cannon at Jhansi Fort	2005	IJHS-40-2005-Issue-3	ijhs/Vol3_2005_06_BHAVANI%20SANKAR%20THE%20FORGE%20WELDED%20IRON%20CANNON%20AT%20JHANSI%20FORT.pdf														
Vol3_2005_07_KADAK%20BIJLI%20THE%20FORGE%20WELDED%20IRON%20CANNON%20AT%20JHANSI%20FORT	Kadak Bijli- The Forge-welded Iron Cannon at Jhansi Fort	2005	IJHS-40-2005-Issue-3	ijhs/Vol3_2005_07_KADAK%20BIJLI%20THE%20FORGE%20WELDED%20IRON%20CANNON%20AT%20JHANSI%20FORT.pdf														
Vol3_2005_08_AZDAHA%20PAIKAR%20THE%20COMPOSITE%20IRON%20BROZE%20CANNON%20AT%20MUSA%20BURJ%20OF%20GOLCONDA%20FORT	Azdaha Paikar- The Composite Iron-Bronze Cannon at Musa Burj of Golconda Fort	2005	IJHS-40-2005-Issue-3	ijhs/Vol3_2005_08_AZDAHA%20PAIKAR%20THE%20COMPOSITE%20IRON%20BROZE%20CANNON%20AT%20MUSA%20BURJ%20OF%20GOLCONDA%20FORT.pdf														
Vol3_2005_09_FATH%20RAIHBAR%20THE%20MASSIVE%20BRONZE%20CANNON%20AT%20PETLA%20BURJ%20OF%20GOLCONDA%20FORT	Fath Raihbar - The Massive Bronze Cannon at Petla Burj of Golconda Fort	2005	IJHS-40-2005-Issue-3	ijhs/Vol3_2005_09_FATH%20RAIHBAR%20THE%20MASSIVE%20BRONZE%20CANNON%20AT%20PETLA%20BURJ%20OF%20GOLCONDA%20FORT.pdf														
Vol3_2005_10_HISTORICAL%20NOTES	Historical Notes: Fathullah Shirazi : Cannon, Multi- barrel Gun and Yarghu	2005	IJHS-40-2005-Issue-3	ijhs/Vol3_2005_10_HISTORICAL%20NOTES.pdf														
Vol3_2005_11_SUPPELMENT	Supplement: Growth of Scientific Periodicals in India- (1901-1947)	2005	IJHS-40-2005-Issue-3	ijhs/Vol3_2005_11_SUPPELMENT.pdf														
Vol40_1_10_SupplementScientificPeriodicals	Supplement: Growth of Scientific Periodicals in India	2005	IJHS-40-2005-Issue-1	ijhs/Vol40_1_10_SupplementScientificPeriodicals.pdf														
Vol40_1_5_SSen	Dawn of Nutrition Research in India&mdash; Pre&ndash;independence Era	2005	IJHS-40-2005-Issue-1	ijhs/Vol40_1_5_SSen.pdf														
Vol40_1_6_HistoricalNotes	Historical Note:  Square Roots in the Sulbasutras	2005	IJHS-40-2005-Issue-1	ijhs/Vol40_1_6_HistoricalNotes.pdf														
Vol40_1_7_KCHari	Historical Note:  Accuracy of Lunar Eclipse Computations of the Grahalaghavam	2005	IJHS-40-2005-Issue-1	ijhs/Vol40_1_7_KCHari.pdf														
Vol40_1_8_BookReview	Book Review: History of Oriental Astronomy	2005	IJHS-40-2005-Issue-1	ijhs/Vol40_1_8_BookReview.pdf														
Vol41_1_10_Notices	Notices	2006	IJHS-41-2006-Issue-1	ijhs/Vol41_1_10_Notices.pdf														
Vol41_1_11_Supplement_Grahalaghavam	Supplement	2006	IJHS-41-2006-Issue-1	ijhs/Vol41_1_11_Supplement_Grahalaghavam.pdf														
Vol41_1_1_RNIyengar	Some Celestial Observations associated with Krsna–lore	2006	IJHS-41-2006-Issue-1	ijhs/Vol41_1_1_RNIyengar.pdf														
Vol41_1_2_PSensarma	Dietary Biodiversity in the Visnu– Samhita	2006	IJHS-41-2006-Issue-1	ijhs/Vol41_1_2_PSensarma.pdf														
Vol41_1_3_KCHari	Polar Longitudes of the Suryasiddhanta and Hipparchus’ Commentary	2006	IJHS-41-2006-Issue-1	ijhs/Vol41_1_3_KCHari.pdf	374493	002edf6bf7843342b17db938587eb9e4cd6afbc82d1c2d70a44a7b50bee773ac	raster	24	0	24	24	0	0	13441	gemini-3-flash-preview	0	pdf_profile.v1	2026-09-19T00:23:34.010629+00:00
Vol41_1_4_DBhattacharya	Archaeoastronomy at Bhubaneswar: A Polygonal and Mathematical Model — Taraka	2006	IJHS-41-2006-Issue-1	ijhs/Vol41_1_4_DBhattacharya.pdf														
Vol41_1_5_JAshraf	Some Medieval Manuscripts on Horticulture	2006	IJHS-41-2006-Issue-1	ijhs/Vol41_1_5_JAshraf.pdf														
Vol41_1_6_HistoricalNotes	Historical Note: Einstein and India: His Scientific, Intellectual, Social and Moral Link	2006	IJHS-41-2006-Issue-1	ijhs/Vol41_1_6_HistoricalNotes.pdf														
Vol41_1_7_Einstien	Historical Note: Einstein, Molecule and Medicine	2006	IJHS-41-2006-Issue-1	ijhs/Vol41_1_7_Einstien.pdf														
Vol41_1_8_Magic%20Square	Historical Note: Magic Square for 2006	2006	IJHS-41-2006-Issue-1	ijhs/Vol41_1_8_Magic%20Square.pdf														
Vol41_1_9_BookReview	Book Review– Pi: A Source Book	2006	IJHS-41-2006-Issue-1	ijhs/Vol41_1_9_BookReview.pdf														
Vol41_2_1_SBhujle	Calculations of Tithis: An Extension of Surya Siddhanta Formulation	2006	IJHS-41-2006-Issue-2	ijhs/Vol41_2_1_SBhujle.pdf														
Vol41_2_2_KDAbhyankar	Dhruvaka–Viksepa System of Astronomical Coordinates	2006	IJHS-41-2006-Issue-2	ijhs/Vol41_2_2_KDAbhyankar.pdf														
Vol41_2_3_AKBiswas	Brass and Tin Metallurgy in the Ancient & Medievel World: India’s Primacy and the Technology transfer to the West	2006	IJHS-41-2006-Issue-2	ijhs/Vol41_2_3_AKBiswas.pdf														
Vol41_2_4_VNSharma	Astronomical tables of Zid–I Muhammad Shahi and their relation to Tabulae Astronomicae of De La Hire	2006	IJHS-41-2006-Issue-2	ijhs/Vol41_2_4_VNSharma.pdf														
Vol41_2_5_HistoricalNotes	Historical Notes: P.N Bose (1855–1934) — An Eminent Geologist	2006	IJHS-41-2006-Issue-2	ijhs/Vol41_2_5_HistoricalNotes.pdf														
Vol41_2_6_BookReview	Book Review: The Role of Mathematics in Human Structure	2006	IJHS-41-2006-Issue-2	ijhs/Vol41_2_6_BookReview.pdf														
Vol41_2_7_Obituary	Orbituay: K V Sarma (1919–2005)	2006	IJHS-41-2006-Issue-2	ijhs/Vol41_2_7_Obituary.pdf														
Vol41_2_8_SupplementGrahalaghvam	Supplement	2006	IJHS-41-2006-Issue-2	ijhs/Vol41_2_8_SupplementGrahalaghvam.pdf														
Vol41_3_1_AKMishra	Atomism of Nyaya–Vaisesika Vs Jainism— A Scientific Appraisal	2006	IJHS-41-2006-Issue-3	ijhs/Vol41_3_1_AKMishra.pdf														
Vol41_3_2_KCHari	Epoch of Ramakasiddhanta	2006	IJHS-41-2006-Issue-3	ijhs/Vol41_3_2_KCHari.pdf														
Vol41_3_3_NRaghavan	Is Siva Iconography inspired by the Stars?	2006	IJHS-41-2006-Issue-3	ijhs/Vol41_3_3_NRaghavan.pdf														
Vol41_3_4_RKDube	Copper Production Process as described in an Early Fourteenth Century and Prakarta Text composed Thakkura Pheru	2006	IJHS-41-2006-Issue-3	ijhs/Vol41_3_4_RKDube.pdf														
Vol41_3_5_RNIyengar	Historical Notes: Eclipse Period 3339 in Rigveda in support of R N Iyrengar’s Thesis	2006	IJHS-41-2006-Issue-3	ijhs/Vol41_3_5_RNIyengar.pdf														
Vol41_3_6_RCGupta	Historical Notes: Sulba–sutras: Earliest Studies and a Newly Published Manual	2006	IJHS-41-2006-Issue-3	ijhs/Vol41_3_6_RCGupta.pdf														
Vol41_3_7_SisirKMajumdar	Historical Notes: Alexandria: The Greatest Centre of Learning in the Antiquity	2006	IJHS-41-2006-Issue-3	ijhs/Vol41_3_7_SisirKMajumdar.pdf														
Vol41_3_8_BookReview	Book Review	2006	IJHS-41-2006-Issue-3	ijhs/Vol41_3_8_BookReview.pdf														
Vol41_3_9_SupplementGrahalaghavam	Supplement	2006	IJHS-41-2006-Issue-3	ijhs/Vol41_3_9_SupplementGrahalaghavam.pdf														
Vol42_1_10_Supplement	Supplement: Karanakutuhalam of Bhaskaracarya II	2007	IJHS-42-2007-Issue-1	ijhs/Vol42_1_10_Supplement.pdf														
Vol42_1_1_RKDubey	Sources of Gold in India as described by Thakkura Pheru – An Assessment	2007	IJHS-42-2007-Issue-1	ijhs/Vol42_1_1_RKDubey.pdf														
Vol42_1_2_JKozhmthadan	Jesuit contribution to the Origin and Development of Modern Science and Mathematics	2007	IJHS-42-2007-Issue-1	ijhs/Vol42_1_2_JKozhmthadan.pdf														
Vol42_1_3_DRaina	Jesuit collections of Indian Scientific Manuscripts: Ideologies and Interpretations	2007	IJHS-42-2007-Issue-1	ijhs/Vol42_1_3_DRaina.pdf														
Vol42_1_4_SSahoo	Scientist as interlocutor between Science and Society: Two Biographical Studies from Orissa (India)	2007	IJHS-42-2007-Issue-1	ijhs/Vol42_1_4_SSahoo.pdf														
Vol42_1_5_BSahai	Historical Note: The Essence of Upanisads and the Emergence of Scientific Research	2007	IJHS-42-2007-Issue-1	ijhs/Vol42_1_5_BSahai.pdf														
Vol42_1_6_HJoglekar	Historical Note: In Search of Indian Records of Supernovae	2007	IJHS-42-2007-Issue-1	ijhs/Vol42_1_6_HJoglekar.pdf														
Vol42_1_7_NRatnasree	Historical Note: Possible Indian Records of Supernova 1054 AD?	2007	IJHS-42-2007-Issue-1	ijhs/Vol42_1_7_NRatnasree.pdf														
Vol42_1_8_BSShyalaja	Historical Note: Records of Celestial Events by European Travellers during Medieval Times	2007	IJHS-42-2007-Issue-1	ijhs/Vol42_1_8_BSShyalaja.pdf														
Vol42_1_9_BookReview	Book Review: Jagadish Chandra Bose and National Science	2007	IJHS-42-2007-Issue-1	ijhs/Vol42_1_9_BookReview.pdf														
Vol42_2_10_BookReviewDWajastyk	Book Review: The Legacy of Susruta	2007	IJHS-42-2007-Issue-2	ijhs/Vol42_2_10_BookReviewDWajastyk.pdf														
Vol42_2_11_BookReviewMSSriram	Book Review: Galileo Galilei – When the World Stood Still	2007	IJHS-42-2007-Issue-2	ijhs/Vol42_2_11_BookReviewMSSriram.pdf														
Vol42_2_12_BookReviewJNSinha	Book Review: Chemical Sciences in Colonial India: The Science in Social History	2007	IJHS-42-2007-Issue-2	ijhs/Vol42_2_12_BookReviewJNSinha.pdf														
Vol42_2_13_Obituary	Obituary: Sushil Kumar Mukherjee (1914-2006)	2007	IJHS-42-2007-Issue-2	ijhs/Vol42_2_13_Obituary.pdf														
Vol42_2_14_News	News	2007	IJHS-42-2007-Issue-2	ijhs/Vol42_2_14_News.pdf														
Vol42_2_15_Supplement	Supplement: Karanakutuhalam of Bhaskaracarya II	2007	IJHS-42-2007-Issue-2	ijhs/Vol42_2_15_Supplement.pdf														
Vol42_2_1_PSensarma	Enthnobiological Information in Parasara Samhita	2007	IJHS-42-2007-Issue-2	ijhs/Vol42_2_1_PSensarma.pdf														
Vol42_2_2_ASule	Saptarsi' Visit to different Naksatras: Subtle Effect of Earth’s Precession	2007	IJHS-42-2007-Issue-2	ijhs/Vol42_2_2_ASule.pdf														
Vol42_2_3_AParekh	Ayrabhata’s Root Extraction Methods	2007	IJHS-42-2007-Issue-2	ijhs/Vol42_2_3_AParekh.pdf														
Vol42_2_4_RCGupta	Yantras or Mystic Diagrams: A Wide Area for Study in Ancient and Medieval Indian Mathematics	2007	IJHS-42-2007-Issue-2	ijhs/Vol42_2_4_RCGupta.pdf														
Vol42_2_5_RBalasubramaniam	Zafarbaksh – The Composite Mughal Cannon of Aurangzeb at Fort William in Kolkata	2007	IJHS-42-2007-Issue-2	ijhs/Vol42_2_5_RBalasubramaniam.pdf														
Vol42_2_6_KDAbhyankar	Historical Note: BG Tilak and Ancient Indian Astronomy – A Reappraisal	2007	IJHS-42-2007-Issue-2	ijhs/Vol42_2_6_KDAbhyankar.pdf														
Vol42_2_7_KCHari	Historical Note: Epoch of Lalla – An Overview	2007	IJHS-42-2007-Issue-2	ijhs/Vol42_2_7_KCHari.pdf														
Vol42_2_8_RRanade	Historical Note: Cultivation of Naturally Coloured Cotton in India in the 19th century	2007	IJHS-42-2007-Issue-2	ijhs/Vol42_2_8_RRanade.pdf														
Vol42_2_9_SKMajumdar	Historical Note: Reception of Relativity Theory in Different Social, Political and Religious Ideolog	2007	IJHS-42-2007-Issue-2	ijhs/Vol42_2_9_SKMajumdar.pdf														
Vol42_3_10_SJaikishan	Social Aspects of  Wootz Steel Manufacture in Northern Telangana	2007	IJHS-42-2007-Issue-3	ijhs/Vol42_3_10_SJaikishan.pdf														
Vol42_3_11_RBalasubramaniam	On the Varied Applications of Wootz Steel	2007	IJHS-42-2007-Issue-3	ijhs/Vol42_3_11_RBalasubramaniam.pdf														
Vol42_3_12_HistoricalNoteRBalasubramaniam	Historical Note: Wootz Steel Received by Alexander	2007	IJHS-42-2007-Issue-3	ijhs/Vol42_3_12_HistoricalNoteRBalasubramaniam.pdf														
Vol42_3_13_HistoricalNoteGJuleff	Historical Note: Crucibal Steel in Sri Lanka in the First Millennium AD and the Early Twentieth Century	2007	IJHS-42-2007-Issue-3	ijhs/Vol42_3_13_HistoricalNoteGJuleff.pdf														
Vol42_3_14_HistoricalNoteLPandey	Historical Note: Swords of Sirohi	2007	IJHS-42-2007-Issue-3	ijhs/Vol42_3_14_HistoricalNoteLPandey.pdf														
Vol42_3_15_Historical%20NoteRBalasubramaniam	Historical Note: Recreating Wootz Steel Outside India	2007	IJHS-42-2007-Issue-3	ijhs/Vol42_3_15_Historical%20NoteRBalasubramaniam.pdf														
Vol42_3_1_DBWagner	Chinese Steel Making Techniques with a Note on Indian Wootz Steel in China	2007	IJHS-42-2007-Issue-3	ijhs/Vol42_3_1_DBWagner.pdf														
Vol42_3_2_AFeuerbach	Production and Trade of Crucible Steel in Central Asia	2007	IJHS-42-2007-Issue-3	ijhs/Vol42_3_2_AFeuerbach.pdf														
Vol42_3_3_JLCoze	On the Question of Possible Transfer of Steel Technology from India to Europe through the Muslim Middle East	2007	IJHS-42-2007-Issue-3	ijhs/Vol42_3_3_JLCoze.pdf														
Vol42_3_4_AFeuerbach	On the Origin of the terms Wootz‚ Hinduwani and Pulad	2007	IJHS-42-2007-Issue-3	ijhs/Vol42_3_4_AFeuerbach.pdf														
Vol42_3_5_PKChattopadhyay	From Wrought Iron to Steel: Beginning of Steel Making in Eastern India	2007	IJHS-42-2007-Issue-3	ijhs/Vol42_3_5_PKChattopadhyay.pdf														
Vol42_3_6_VTripathi	Towards the Wootz: Iron and Steel Technology in India	2007	IJHS-42-2007-Issue-3	ijhs/Vol42_3_6_VTripathi.pdf														
Vol42_3_7_RBalasubramaniam	New Insights on Classification of Iron-Carbon Alloys‚ Specially High Carbon Steels‚ in Rasaratnasamuccaya	2007	IJHS-42-2007-Issue-3	ijhs/Vol42_3_7_RBalasubramaniam.pdf														
Vol42_3_8_SJaikishan	Survey of Iron and Wootz Steel Production Sites in Northern Telangana	2007	IJHS-42-2007-Issue-3	ijhs/Vol42_3_8_SJaikishan.pdf														
Vol42_3_9_SJaikishan	Material Evidences for Wootz Steel Production in Northern Telangana	2007	IJHS-42-2007-Issue-3	ijhs/Vol42_3_9_SJaikishan.pdf														
Vol42_4_10_SJaikishan	Historical Note: Interview with Wootz Steel Worker from Konapuram Village in Northern Telangana	2007	IJHS-42-2007-Issue-4	ijhs/Vol42_4_10_SJaikishan.pdf														
Vol42_4_11_BookReview	Book Review: Persian Steel: The Tanavoli Collection	2007	IJHS-42-2007-Issue-4	ijhs/Vol42_4_11_BookReview.pdf														
Vol42_4_12_Supplement	Supplement: Khadgalaksana Siromani of Navanappa	2007	IJHS-42-2007-Issue-4	ijhs/Vol42_4_12_Supplement.pdf														
Vol42_4_1_JWadsworth	Damascus Steels: History‚ Processing‚ Properties and Carbon Dating	2007	IJHS-42-2007-Issue-4	ijhs/Vol42_4_1_JWadsworth.pdf														
Vol42_4_2_JVerhoeven	Pattern Formation in Wootz Damascus Steel Swords and Blades	2007	IJHS-42-2007-Issue-4	ijhs/Vol42_4_2_JVerhoeven.pdf														
Vol42_4_3_JLCoze	Wootz Decarburisation during the forging of a Sword	2007	IJHS-42-2007-Issue-4	ijhs/Vol42_4_3_JLCoze.pdf														
Vol42_4_4_PTCraddock	Cast Iron: The Elusive Feedstock of Crucible Steel	2007	IJHS-42-2007-Issue-4	ijhs/Vol42_4_4_PTCraddock.pdf														
Vol42_4_5_VKumar	Microstructural Characterization along the length of a Wedge Shaped Wootz Steel Implement	2007	IJHS-42-2007-Issue-4	ijhs/Vol42_4_5_VKumar.pdf														
Vol42_4_6_MRBarnett	New Insights on the Mechanism of Carbide Banding in Thermomechanically Processed Wootz Steel Obtained Using Electron Back Scattering Diffraction	2007	IJHS-42-2007-Issue-4	ijhs/Vol42_4_6_MRBarnett.pdf														
Vol42_4_7_RBalasubramaniam	Analysis of Wootz Steel Crucibles from Northern Telangana	2007	IJHS-42-2007-Issue-4	ijhs/Vol42_4_7_RBalasubramaniam.pdf														
Vol42_4_8_SSrinivasan	On Higher Carbon and Crucible Steels in Southern India: Further Insights from Mel-Siruvalur‚ Kodumanal and Pattinam	2007	IJHS-42-2007-Issue-4	ijhs/Vol42_4_8_SSrinivasan.pdf														
Vol42_4_9_HistoricalNotes	Historical Note: Konasamudram: The Famous Wootz Steel Production Center	2007	IJHS-42-2007-Issue-4	ijhs/Vol42_4_9_HistoricalNotes.pdf														
Vol43_1_10_SKMajumdar	Historical Note: The Gifts of Chemistry to Modern Medicine	2008	IJHS-43-2008-Issue-1	ijhs/Vol43_1_10_SKMajumdar.pdf														
Vol43_1_11_BookReview_CPalit	Book Review: Social History of Science in Colonial India	2008	IJHS-43-2008-Issue-1	ijhs/Vol43_1_11_BookReview_CPalit.pdf														
Vol43_1_12_BookReview_AKBiswas	Book Review: The Bengal Renaissance	2008	IJHS-43-2008-Issue-1	ijhs/Vol43_1_12_BookReview_AKBiswas.pdf														
Vol43_1_13_Obituary	Obituary: KD Abhyankar (1928—2007)	2008	IJHS-43-2008-Issue-1	ijhs/Vol43_1_13_Obituary.pdf														
Vol43_1_14_News	News	2008	IJHS-43-2008-Issue-1	ijhs/Vol43_1_14_News.pdf														
Vol43_1_15_Supplement	Supplement: Karanakutuhalam of Bhaskaracarya II	2008	IJHS-43-2008-Issue-1	ijhs/Vol43_1_15_Supplement.pdf														
Vol43_1_1_RNIyengar	Archaic Astronomy of Parauara and Vrddha Garga	2008	IJHS-43-2008-Issue-1	ijhs/Vol43_1_1_RNIyengar.pdf														
Vol43_1_2_SSantra	Recent Bronze Hoard from West Bengal: Analytical Studies	2008	IJHS-43-2008-Issue-1	ijhs/Vol43_1_2_SSantra.pdf														
Vol43_1_3_JDeloche	Water Resources in the Hill Forts of South India (14—18th Century)	2008	IJHS-43-2008-Issue-1	ijhs/Vol43_1_3_JDeloche.pdf														
Vol43_1_4_PKBondyopadhyay	Two Recently Discovered Patents of Professor Jagadis Chunder Bose and India’s First Electronics Technology Transfer to the West	2008	IJHS-43-2008-Issue-1	ijhs/Vol43_1_4_PKBondyopadhyay.pdf														
Vol43_1_5_KDAbhyankar	Historical Note: On the Precessional Movement of Saptarsis	2008	IJHS-43-2008-Issue-1	ijhs/Vol43_1_5_KDAbhyankar.pdf														
Vol43_1_6_RCGupta	Historical Note: True Laksa—Scale Numeration System of the Valmiki—Ramayana	2008	IJHS-43-2008-Issue-1	ijhs/Vol43_1_6_RCGupta.pdf														
Vol43_1_7_DBhattacharya	Historical Note: Astro—Navigational Aspects of the Bhumi Anla	2008	IJHS-43-2008-Issue-1	ijhs/Vol43_1_7_DBhattacharya.pdf														
Vol43_1_8_DNUkidwe	Historical Note: Srstikrama Construction of Sriyantra	2008	IJHS-43-2008-Issue-1	ijhs/Vol43_1_8_DNUkidwe.pdf														
Vol43_1_9_DBhattacharya	Historical Note: Select Palm Leaf Manuscripts in Orissa State Museum‚ Bhubaneswar on Astronomy and Mathematics	2008	IJHS-43-2008-Issue-1	ijhs/Vol43_1_9_DBhattacharya.pdf														
Vol43_2_10_Obituary	Obituary: Priyavrata Sharma — A Legendary Personality (1920—2007)	2008	IJHS-43-2008-Issue-2	ijhs/Vol43_2_10_Obituary.pdf														
Vol43_2_1_VJDeshpande	Glimpses of Ayurveda in Medieval Chinese Medicine	2008	IJHS-43-2008-Issue-2	ijhs/Vol43_2_1_VJDeshpande.pdf														
Vol43_2_2_JBhattacharya	Encounter In Anatomical Knowledge: East And West	2008	IJHS-43-2008-Issue-2	ijhs/Vol43_2_2_JBhattacharya.pdf														
Vol43_2_3_RAkhtar	Environment and Cholera in Kashmir during Nineteenth Century	2008	IJHS-43-2008-Issue-2	ijhs/Vol43_2_3_RAkhtar.pdf														
Vol43_2_4_HSingh	Ram Nath Chopra (1882—1973) — A Vissionary in Pharmaceutical Science	2008	IJHS-43-2008-Issue-2	ijhs/Vol43_2_4_HSingh.pdf														
Vol43_2_5_SKAcharya	Historical Note: Ancient Methods of Preserving Copper Plate Grants	2008	IJHS-43-2008-Issue-2	ijhs/Vol43_2_5_SKAcharya.pdf														
Vol43_2_6_CPalit	Historical Note: Popular Response to Epidemics in Colonial Bengal	2008	IJHS-43-2008-Issue-2	ijhs/Vol43_2_6_CPalit.pdf														
Vol43_2_7_RKDube	Historical Note: Superiority of Makrana (Rajasthan) Marbles	2008	IJHS-43-2008-Issue-2	ijhs/Vol43_2_7_RKDube.pdf														
Vol43_2_8_SKMjumdar	Historical Note: Socio—Political Thoughts of Einstein	2008	IJHS-43-2008-Issue-2	ijhs/Vol43_2_8_SKMjumdar.pdf														
Vol43_2_9_BookReview	Book Review: Story of the Delhi Iron Pillar	2008	IJHS-43-2008-Issue-2	ijhs/Vol43_2_9_BookReview.pdf														
Vol43_3_10_Supplement	Supplement: Karanakutuhalam of Bhaskaracarya II	2008	IJHS-43-2008-Issue-3	ijhs/Vol43_3_10_Supplement.pdf														
Vol43_3_1_PGondhalekar	Vedanga Jyotisa — Where and When?	2008	IJHS-43-2008-Issue-3	ijhs/Vol43_3_1_PGondhalekar.pdf														
Vol43_3_2_ACohen	The Jewish calendar and its relation to the Christian holidays as described by a Muslim Mathematician—Astronomer in 852 AD	2008	IJHS-43-2008-Issue-3	ijhs/Vol43_3_2_ACohen.pdf														
Vol43_3_3_PKDatta	Investigations on Ancient High — Tin Bronze Excavated From Lower Bengal Region of Tilpi	2008	IJHS-43-2008-Issue-3	ijhs/Vol43_3_3_PKDatta.pdf														
Vol43_3_4_DBhattacharya	Historical Note: Archaeo—Astronomy of Nataraja	2008	IJHS-43-2008-Issue-3	ijhs/Vol43_3_4_DBhattacharya.pdf														
Vol43_3_5_NRatnasree	Historical Note: Karka—Rasi—Valaya—The Instrument on the Back Wall of the Misra Yantra	2008	IJHS-43-2008-Issue-3	ijhs/Vol43_3_5_NRatnasree.pdf														
Vol43_3_6_RSingh	Historical Note: Indo—American Relation with reference to Bernard Peters	2008	IJHS-43-2008-Issue-3	ijhs/Vol43_3_6_RSingh.pdf														
Vol43_3_7_BookReview	Book Review: Studies in the History of the Exact Sciences in Honour of David Pingree	2008	IJHS-43-2008-Issue-3	ijhs/Vol43_3_7_BookReview.pdf														
Vol43_3_8_Obituary	Obituary: Kripa Shankar Shukla (1918—2007)	2008	IJHS-43-2008-Issue-3	ijhs/Vol43_3_8_Obituary.pdf														
Vol43_3_9_News	News: National Workshop on Preserving our Scientific Heritage‚ held at Indian Institute of Astrophysics‚ Bangalore‚ January 21—22‚ 2008 — A Report	2008	IJHS-43-2008-Issue-3	ijhs/Vol43_3_9_News.pdf														
Vol43_4_10_BooksreceivedforReview	Books received for Review	2008	IJHS-43-2008-Issue-4	ijhs/Vol43_4_10_BooksreceivedforReview.pdf														
Vol43_4_1_PGondhalekar	Intercalation in the Vedic Texts	2008	IJHS-43-2008-Issue-4	ijhs/Vol43_4_1_PGondhalekar.pdf	289585	6863613390c6ef85d7002943de6fede4bdc39a78c338effb10e8eff0934d1520	raster	20	0	20	20	0	0	11201	gemini-3-flash-preview	0	pdf_profile.v1	2026-09-19T00:23:34.323686+00:00
Vol43_4_2_Sbalachandrarao	Conjunctions‚ Transits and Occultations by Siddhantic Procedures	2008	IJHS-43-2008-Issue-4	ijhs/Vol43_4_2_Sbalachandrarao.pdf	381471	d0d019440ee064e88128aa504679ddb3fbe28a7010a9428368b91bf481fda227	raster	38	0	38	38	0	0	21281	gemini-3-flash-preview	0	pdf_profile.v1	2026-09-19T00:23:34.880663+00:00
Vol43_4_3_VMMallayya	Interpolation of Sines by Successive Approximation Method	2008	IJHS-43-2008-Issue-4	ijhs/Vol43_4_3_VMMallayya.pdf														
Vol43_4_4_SDucheyne	Scientific Research Papers in the Philosophical Transactions of the Royal Society of London‚ 1665—1800: The Development of Physics in the footsteps of Sir Isaac Newton	2008	IJHS-43-2008-Issue-4	ijhs/Vol43_4_4_SDucheyne.pdf														
Vol43_4_5_HSingh	Historical Note: Khem Singh Grewal (1894—4965) — A Prominent Medico—Pharmaceutical Professional	2008	IJHS-43-2008-Issue-4	ijhs/Vol43_4_5_HSingh.pdf														
Vol43_4_6_SKMajumdar	Historical Note: Robotics (Cybernetics) in Medical Science: Blessing or Blight	2008	IJHS-43-2008-Issue-4	ijhs/Vol43_4_6_SKMajumdar.pdf														
Vol43_4_7_BookReviewKRajan	Book Review: History of Iron Technology in India	2008	IJHS-43-2008-Issue-4	ijhs/Vol43_4_7_BookReviewKRajan.pdf														
Vol43_4_8_BookReviewBPrakash	Book Review: Marvels of Indian Iron through the Ages	2008	IJHS-43-2008-Issue-4	ijhs/Vol43_4_8_BookReviewBPrakash.pdf														
Vol43_4_9_News	News	2008	IJHS-43-2008-Issue-4	ijhs/Vol43_4_9_News.pdf														
Vol44_11_SupplementRasaprakasasudhakara	Rasaprakasa Sudhakarachap— Ch2 Supplement	2009	IJHS-44-2009-Issue-3	ijhs/Vol44_11_SupplementRasaprakasasudhakara.pdf														
Vol44_13_SupplementRasaprakasasudhakara	Rasaprakasa Sudhakara— Chap4	2009	IJHS-44-2009-Issue-4	ijhs/Vol44_13_SupplementRasaprakasasudhakara.pdf														
Vol44_1_0_Editorial	Editorial	2009	IJHS-44-2009-Issue-1	ijhs/Vol44_1_0_Editorial.pdf														
Vol44_1_1_MRoy	Ecological concept in Ayurveda: Nature-man relations	2009	IJHS-44-2009-Issue-1	ijhs/Vol44_1_1_MRoy.pdf														
Vol44_1_2_PSensarma	Biodiversity: Methods of Conservation in the Usanah Samita	2009	IJHS-44-2009-Issue-1	ijhs/Vol44_1_2_PSensarma.pdf														
Vol44_1_3_RBalasubramaniam	On technical analysis of Cannon Shot Crater on Delhi Iron Pillar	2009	IJHS-44-2009-Issue-1	ijhs/Vol44_1_3_RBalasubramaniam.pdf														
Vol44_1_4_BPrakash	Religious traditions of Ancient Iron and Steel Craftsmen of India and Japan	2009	IJHS-44-2009-Issue-1	ijhs/Vol44_1_4_BPrakash.pdf														
Vol44_1_5_KRoy	Science of Siege Warfare in India during the Great Mutiny: 1857-58	2009	IJHS-44-2009-Issue-1	ijhs/Vol44_1_5_KRoy.pdf														
Vol44_1_6_Historical%20Notes	Historical Notes: On the Sanskrit word, Svarnaja used for metal, tin	2009	IJHS-44-2009-Issue-1	ijhs/Vol44_1_6_Historical%20Notes.pdf														
Vol44_1_7_KCHari	Historical Notes: Identification of Asmaka	2009	IJHS-44-2009-Issue-1	ijhs/Vol44_1_7_KCHari.pdf														
Vol44_1_8_SKMajumdar	Historical Notes: The Genius of Darwin- Two Hundred Years	2009	IJHS-44-2009-Issue-1	ijhs/Vol44_1_8_SKMajumdar.pdf														
Vol44_1_9_Book%20Review	Book Review	2009	IJHS-44-2009-Issue-1	ijhs/Vol44_1_9_Book%20Review.pdf														
Vol44_2_0_Editorial	Editorial	2009	IJHS-44-2009-Issue-2	ijhs/Vol44_2_0_Editorial.pdf														
Vol44_2_10_SPrema	Historical Note: Eye Diseases in traditional Siddha System of Medicine - An Overview	2009	IJHS-44-2009-Issue-2	ijhs/Vol44_2_10_SPrema.pdf														
Vol44_2_11_RSarkar	Historical Note:  Ayurvedic Concept of Cancer and its treatment	2009	IJHS-44-2009-Issue-2	ijhs/Vol44_2_11_RSarkar.pdf														
Vol44_2_12_SDas	Historical Note: Dr. Subodh Mitra (1896-1961) - A Visionary of Cancer Treatment and Research in India	2009	IJHS-44-2009-Issue-2	ijhs/Vol44_2_12_SDas.pdf														
Vol44_2_13_Supplement	Supplement: Rasaprakasa Sudhakara	2009	IJHS-44-2009-Issue-2	ijhs/Vol44_2_13_Supplement.pdf														
Vol44_2_1_CPechhia	Transmitting the Carakasamhita: A History of the Tradition	2009	IJHS-44-2009-Issue-2	ijhs/Vol44_2_1_CPechhia.pdf														
Vol44_2_2_PAMaas	Towards a critical edition of the Carakasamhita Vimanasthana - First results	2009	IJHS-44-2009-Issue-2	ijhs/Vol44_2_2_PAMaas.pdf														
Vol44_2_3_DWujastyk	New Evidence for the Textual and Cultural History of the Susruta Samhita	2009	IJHS-44-2009-Issue-2	ijhs/Vol44_2_3_DWujastyk.pdf														
Vol44_2_4_KGZysk	Some reflections on Siddha medicine in Tamilnadu	2009	IJHS-44-2009-Issue-2	ijhs/Vol44_2_4_KGZysk.pdf														
Vol44_2_5_PT%20Craddock	Metals, minerals and medicine	2009	IJHS-44-2009-Issue-2	ijhs/Vol44_2_5_PT%20Craddock.pdf														
Vol44_2_6_ACerulli	Narrative well-being: Anandarayamakhin's the Joy of Life (Jivanandanam)	2009	IJHS-44-2009-Issue-2	ijhs/Vol44_2_6_ACerulli.pdf														
Vol44_2_7_MSankaranarayana	An analysis of formulation of Vaitarana  [Basti] on the basis of Ayurvedic texts and Commentaries	2009	IJHS-44-2009-Issue-2	ijhs/Vol44_2_7_MSankaranarayana.pdf														
Vol44_2_8_KPrasendanz	Logic, Debate and Epistemology in Ancient Indian medicine and Philosophy - An Investigation	2009	IJHS-44-2009-Issue-2	ijhs/Vol44_2_8_KPrasendanz.pdf														
Vol44_2_9_HistoricalNotes	Historical Note: Depiction of Human Anatomy in Indian Archaeology- A select report	2009	IJHS-44-2009-Issue-2	ijhs/Vol44_2_9_HistoricalNotes.pdf														
Vol44_3_10_SShuklapdf	History Of Science Project Investigator’s Meet Cum Workshop On 13-15th April 2009 : A Report	2009	IJHS-44-2009-Issue-3	ijhs/Vol44_3_10_SShuklapdf.pdf														
Vol44_3_1_RNIyengar	Connections Between The Vedanga Jyotisa And Other Vedic Literature	2009	IJHS-44-2009-Issue-3	ijhs/Vol44_3_1_RNIyengar.pdf														
Vol44_3_2_WLox	Bintie— The Wootz Steel In Ancient China	2009	IJHS-44-2009-Issue-3	ijhs/Vol44_3_2_WLox.pdf														
Vol44_3_3_RBalasubramaniampdf	New Insights On Architects Of Taj	2009	IJHS-44-2009-Issue-3	ijhs/Vol44_3_3_RBalasubramaniampdf.pdf														
Vol44_3_4_KRoy	Technology Transfer And The Evolution Of Ordnance Establishment In British—India— 1639 to 1856	2009	IJHS-44-2009-Issue-3	ijhs/Vol44_3_4_KRoy.pdf														
Vol44_3_5_Historical%20Notes	Historical Notes	2009	IJHS-44-2009-Issue-3	ijhs/Vol44_3_5_Historical%20Notes.pdf														
Vol44_3_6_RBhattacharya	The Circular Drona— KuRma and Sarathacakra Citis in the Sulbasu— Tras	2009	IJHS-44-2009-Issue-3	ijhs/Vol44_3_6_RBhattacharya.pdf														
Vol44_3_7_AKBag	History Of Science Program Of The Indian National Science Academy (1959— 2009)	2009	IJHS-44-2009-Issue-3	ijhs/Vol44_3_7_AKBag.pdf														
Vol44_3_8_AKBiswaspdf	Book Review	2009	IJHS-44-2009-Issue-3	ijhs/Vol44_3_8_AKBiswaspdf.pdf														
Vol44_3_9_News	Conference on Indian Astronomy and Mathematics In Ancient India— A Report	2009	IJHS-44-2009-Issue-3	ijhs/Vol44_3_9_News.pdf														
Vol44_4_10_CPecchia	14th World Sanskrit Conference— Section On Scientific Literature_A Report	2009	IJHS-44-2009-Issue-4	ijhs/Vol44_4_10_CPecchia.pdf														
Vol44_4_11_News	Books Received For Review In IJHS 2009	2009	IJHS-44-2009-Issue-4	ijhs/Vol44_4_11_News.pdf														
Vol44_4_12_Reminiscenses	Reminiscence	2009	IJHS-44-2009-Issue-4	ijhs/Vol44_4_12_Reminiscenses.pdf														
Vol44_4_1_PGondhalekar	The Vedic Naksatras— A Reappraisal	2009	IJHS-44-2009-Issue-4	ijhs/Vol44_4_1_PGondhalekar.pdf														
Vol44_4_2_MRoy	Agriculture In The Vedic Period	2009	IJHS-44-2009-Issue-4	ijhs/Vol44_4_2_MRoy.pdf														
Vol44_4_3_RBalasubramaniam	New Insights On Artisans Of Taj	2009	IJHS-44-2009-Issue-4	ijhs/Vol44_4_3_RBalasubramaniam.pdf														
Vol44_4_4_JDeloche	Stableships Of Tiruppudaimarudur And Tirukkurunkudi (South India)	2009	IJHS-44-2009-Issue-4	ijhs/Vol44_4_4_JDeloche.pdf														
Vol44_4_5_HSingh	Bishnupada Mukerji (1903—79): A Medicopharmaceutical Professional Of Eminence	2009	IJHS-44-2009-Issue-4	ijhs/Vol44_4_5_HSingh.pdf														
Vol44_4_6_Historical%20Notes	Historical Notes:Spice And Herb— A Historical Overview	2009	IJHS-44-2009-Issue-4	ijhs/Vol44_4_6_Historical%20Notes.pdf														
Vol44_4_7_AKBag	Book Review	2009	IJHS-44-2009-Issue-4	ijhs/Vol44_4_7_AKBag.pdf														
Vol44_4_8_SeminarReport	Seminar Report CNRS—NYU Workshop On Early Mathematics: A Report	2009	IJHS-44-2009-Issue-4	ijhs/Vol44_4_8_SeminarReport.pdf														
Vol44_4_9_SShukla	The 69th Session Of The Indian History Congress :Kannur 28-30 December 2008— A Report	2009	IJHS-44-2009-Issue-4	ijhs/Vol44_4_9_SShukla.pdf														
Vol45_1_0_Contents	Contents	2010	IJHS-45-2010-Issue-1	ijhs/Vol45_1_0_Contents.pdf														
Vol45_1_10_Awards	Awards and Honours	2010	IJHS-45-2010-Issue-1	ijhs/Vol45_1_10_Awards.pdf														
Vol45_1_11_1_Supplement	Supplement: Rasaprakasa Sudhakara	2010	IJHS-45-2010-Issue-1	ijhs/Vol45_1_11_1_Supplement.pdf														
Vol45_1_11_2_Supplement	Supplement: Chapter 6— Sanskrit Text	2010	IJHS-45-2010-Issue-1	ijhs/Vol45_1_11_2_Supplement.pdf														
Vol45_1_11_3_Supplement	Supplement: Chapter 6— English Translation	2010	IJHS-45-2010-Issue-1	ijhs/Vol45_1_11_3_Supplement.pdf														
Vol45_1_11_4_Supplement	Supplement: Chapter 7— Sanskrit Text	2010	IJHS-45-2010-Issue-1	ijhs/Vol45_1_11_4_Supplement.pdf														
Vol45_1_11_5_Supplement	Supplement: Chapter 7— English Translation	2010	IJHS-45-2010-Issue-1	ijhs/Vol45_1_11_5_Supplement.pdf														
Vol45_1_1_RNIyengar	Comets and Meteoritic Showers in the Rigveda and their significance	2010	IJHS-45-2010-Issue-1	ijhs/Vol45_1_1_RNIyengar.pdf														
Vol45_1_2_JDeloche	Roman Trade Routes in South India: Geographical and Technical Considerations (c. 1st cent. BC – 5th cent. AD)	2010	IJHS-45-2010-Issue-1	ijhs/Vol45_1_2_JDeloche.pdf														
Vol45_1_4_RCGupta	Bhagyashree Bavare‚ Mahesh Shetti and P.P. Divakaran Techniques of Ancient Empirical Mathematics	2010	IJHS-45-2010-Issue-1	ijhs/Vol45_1_4_RCGupta.pdf														
Vol45_1_5_BMandalarticle	Understanding Alloy Design Principles and Cast Metal Technology in Hot Molds for Medieval Bengal	2010	IJHS-45-2010-Issue-1	ijhs/Vol45_1_5_BMandalarticle.pdf														
Vol45_1_6_SKMajumdar	Historical Note: Marx and Darwin Connection in London	2010	IJHS-45-2010-Issue-1	ijhs/Vol45_1_6_SKMajumdar.pdf														
Vol45_1_7_Bookreview	Book Review	2010	IJHS-45-2010-Issue-1	ijhs/Vol45_1_7_Bookreview.pdf														
Vol45_1_8_SeminarReport	Seminar Report	2010	IJHS-45-2010-Issue-1	ijhs/Vol45_1_8_SeminarReport.pdf														
Vol45_1_9_News	News	2010	IJHS-45-2010-Issue-1	ijhs/Vol45_1_9_News.pdf														
Vol45_2_0_Contents	Contents	2010	IJHS-45-2010-Issue-2	ijhs/Vol45_2_0_Contents.pdf														
Vol45_2_10_Obituary	Obituary: Professor Ramamurthy Balasubramaniam (1961—2009)	2010	IJHS-45-2010-Issue-2	ijhs/Vol45_2_10_Obituary.pdf														
Vol45_2_11_1_Supplement_cover	Supplement: A Commentary of Tantrasangraha in Keralabhasa: Kriyakalapa— Eng. Tr. with Notes	2010	IJHS-45-2010-Issue-2	ijhs/Vol45_2_11_1_Supplement_cover.pdf														
Vol45_2_11_2_Supplement_text	Supplement	2010	IJHS-45-2010-Issue-2	ijhs/Vol45_2_11_2_Supplement_text.pdf														
Vol45_2_1_NSingh	Alcoholic Fermentation Techniques in Early Indian Tradition	2010	IJHS-45-2010-Issue-2	ijhs/Vol45_2_1_NSingh.pdf														
Vol45_2_2_PTaneja	Enlargement of Vedis in the Sulbasutras	2010	IJHS-45-2010-Issue-2	ijhs/Vol45_2_2_PTaneja.pdf														
Vol45_2_3_AKPanda	Tracing Historical Perspective of Cordyceps sinensis — An Aphrodisiac in Sikkim Himalaya	2010	IJHS-45-2010-Issue-2	ijhs/Vol45_2_3_AKPanda.pdf														
Vol45_2_4_SSen	Scientific Enquiry in Agriculture in Colonial India: A Historical Perspective	2010	IJHS-45-2010-Issue-2	ijhs/Vol45_2_4_SSen.pdf														
Vol45_2_5_AKBiswas	Why did Scientific Renaissance take place in Europe and not in India	2010	IJHS-45-2010-Issue-2	ijhs/Vol45_2_5_AKBiswas.pdf														
Vol45_2_6_RKochar	Historical Notes: Rahu and Ketu in Mythological and Astronomological Contexts	2010	IJHS-45-2010-Issue-2	ijhs/Vol45_2_6_RKochar.pdf														
Vol45_2_7_AKBag	Historical Notes: Role of Benaras in the Studies of History of Science	2010	IJHS-45-2010-Issue-2	ijhs/Vol45_2_7_AKBag.pdf														
Vol45_2_8_Bookreview	Book Review	2010	IJHS-45-2010-Issue-2	ijhs/Vol45_2_8_Bookreview.pdf														
Vol45_2_9_News	News	2010	IJHS-45-2010-Issue-2	ijhs/Vol45_2_9_News.pdf														
Vol45_3_0_Contents	Contents	2010	IJHS-45-2010-Issue-3	ijhs/Vol45_3_0_Contents.pdf														
Vol45_3_10_NParthasar	Indigenous Knowledge of the Medicinal Plant Resources of Coromandel Coast Forests of Peninsular India in Modern Period	2010	IJHS-45-2010-Issue-3	ijhs/Vol45_3_10_NParthasar.pdf														
Vol45_3_11_News	Workshop on the History of Indian Science at the Bibliotheque Nationale de France: A Report_and 70th Indian History Congress_A Report	2010	IJHS-45-2010-Issue-3	ijhs/Vol45_3_11_News.pdf														
Vol45_3_12_SupplementInn	Rasaprakasa Sudhakara Sanskrit Text with English Translation and Appendices (Chap 8) Part 1	2010	IJHS-45-2010-Issue-3	ijhs/Vol45_3_12_SupplementInn.pdf														
Vol45_3_13_Sanskrittextc	Rasaprakasa Sudhakara_Sanskrit Text with English Translation and Appendices (Chap 8) Part 2	2010	IJHS-45-2010-Issue-3	ijhs/Vol45_3_13_Sanskrittextc.pdf														
Vol45_3_14_EnglishtextCha	Rasaprakasa Sudhakara_Sanskrit Text with English Translation and Appendices (Chap 8)Part 3	2010	IJHS-45-2010-Issue-3	ijhs/Vol45_3_14_EnglishtextCha.pdf														
Vol45_3_1_PGondalekha	The Vedic Naksatra names of the Months	2010	IJHS-45-2010-Issue-3	ijhs/Vol45_3_1_PGondalekha.pdf														
Vol45_3_2_MNVahia	Harappan Geometry and Symmetry_A Study of Geometrical Patterns on Indus Objects	2010	IJHS-45-2010-Issue-3	ijhs/Vol45_3_2_MNVahia.pdf														
Vol45_3_3_BSasisekara	Adichanallur_A Prehistoric Mining Site	2010	IJHS-45-2010-Issue-3	ijhs/Vol45_3_3_BSasisekara.pdf														
Vol45_3_4_RKDubey	An Assessment of the Sanskrit word Hemaghna used for Lead Metal	2010	IJHS-45-2010-Issue-3	ijhs/Vol45_3_4_RKDubey.pdf														
Vol45_3_5_JLCoze	About Wootz_the Question of Hinduwani or Ondanique	2010	IJHS-45-2010-Issue-3	ijhs/Vol45_3_5_JLCoze.pdf														
Vol45_3_6_SRSarma	The Date of Aryabhata _ Refutation of V Lakshmikantham’s ryabhata_Refutation of V Lakshmikantham’s Untenable View	2010	IJHS-45-2010-Issue-3	ijhs/Vol45_3_6_SRSarma.pdf														
Vol45_3_7_HSingh	Tribhovandas Kalyandas Gajjar (1863-1920)_Pioneer Industrial Chemist of India	2010	IJHS-45-2010-Issue-3	ijhs/Vol45_3_7_HSingh.pdf														
Vol45_3_8_SKSen	Ashish Lahiri_Radhanath Sikdar Beyond the Peak	2010	IJHS-45-2010-Issue-3	ijhs/Vol45_3_8_SKSen.pdf														
Vol45_3_9_NupurDasgup	Minor Metal Crafts in Bengal_Tradition and Changes from the Medieval Times to the Present	2010	IJHS-45-2010-Issue-3	ijhs/Vol45_3_9_NupurDasgup.pdf														
Vol45_4_0_Contents	Contents	2010	IJHS-45-2010-Issue-4	ijhs/Vol45_4_0_Contents.pdf														
Vol45_4_10_ReportsJayanta	Anatomical Knowledge and the Anatomy of Medical Some Preliminary InquiriesKnowledge in India_Some Preliminary Inquiries	2010	IJHS-45-2010-Issue-4	ijhs/Vol45_4_10_ReportsJayanta.pdf														
Vol45_4_11_ReportShukla	History of Technology & Technical Education in India_A Synthesis	2010	IJHS-45-2010-Issue-4	ijhs/Vol45_4_11_ReportShukla.pdf														
Vol45_4_12_ReportMNarayan	Mathematics and Astronomy in Medieval India	2010	IJHS-45-2010-Issue-4	ijhs/Vol45_4_12_ReportMNarayan.pdf														
Vol45_4_13_Bookreceived	Book Received for Review	2010	IJHS-45-2010-Issue-4	ijhs/Vol45_4_13_Bookreceived.pdf														
Vol45_4_14_SupplementInner	Rasaprakasa Sudhakara Sanskrit Text with English Translationand (Chap 9-13)AppendicesPart 1	2010	IJHS-45-2010-Issue-4	ijhs/Vol45_4_14_SupplementInner.pdf														
Vol45_4_15_SupChap9English	Rasaprakasa Sudhakara Sanskrit Text with English Translation Part2	2010	IJHS-45-2010-Issue-4	ijhs/Vol45_4_15_SupChap9English.pdf														
Vol45_4_16_SupChap9Sankrit	Rasaprakasa Sudhakara Sanskrit Text with English TranslationPart 3	2010	IJHS-45-2010-Issue-4	ijhs/Vol45_4_16_SupChap9Sankrit.pdf														
Vol45_4_17_SupChap10Sankrit	Rasaprakasa Sudhakara Sanskrit Text with English TranslationPart 4	2010	IJHS-45-2010-Issue-4	ijhs/Vol45_4_17_SupChap10Sankrit.pdf														
Vol45_4_18_SupChap10English	Rasaprakasa Sudhakara Sanskrit Text with English TranslationPart 5	2010	IJHS-45-2010-Issue-4	ijhs/Vol45_4_18_SupChap10English.pdf														
Vol45_4_19_SupChap11Sankrit	Rasaprakasa Sudhakara Sanskrit Text with English TranslationPart 6	2010	IJHS-45-2010-Issue-4	ijhs/Vol45_4_19_SupChap11Sankrit.pdf														
Vol45_4_1_ANarayan	Dating the Surya Siddhanta using Computational Simulation of Proper Motions and Ecliptic Variations	2010	IJHS-45-2010-Issue-4	ijhs/Vol45_4_1_ANarayan.pdf														
Vol45_4_20_SupChap11English	Rasaprakasa Sudhakara Sanskrit Text with English TranslationPart 7	2010	IJHS-45-2010-Issue-4	ijhs/Vol45_4_20_SupChap11English.pdf														
Vol45_4_21_SupChap12Sankrit	Rasaprakasa Sudhakara Sanskrit Text with English TranslationPart 8	2010	IJHS-45-2010-Issue-4	ijhs/Vol45_4_21_SupChap12Sankrit.pdf														
Vol45_4_22_SupChap12English	Rasaprakasa Sudhakara Sanskrit Text with English TranslationPart 9	2010	IJHS-45-2010-Issue-4	ijhs/Vol45_4_22_SupChap12English.pdf														
Vol45_4_23_SupChap13Sankrit	Rasaprakasa Sudhakara Sanskrit Text with English TranslationPart 10	2010	IJHS-45-2010-Issue-4	ijhs/Vol45_4_23_SupChap13Sankrit.pdf														
Vol45_4_24_SupChap13English	Rasaprakasa Sudhakara Sanskrit Text with English TranslationPart 11	2010	IJHS-45-2010-Issue-4	ijhs/Vol45_4_24_SupChap13English.pdf														
Vol45_4_25_Appendices	Rasaprakasa Sudhakara Sanskrit Text with English TranslationPart 12	2010	IJHS-45-2010-Issue-4	ijhs/Vol45_4_25_Appendices.pdf														
Vol45_4_26_Index	Index	2010	IJHS-45-2010-Issue-4	ijhs/Vol45_4_26_Index.pdf														
Vol45_4_27_Cumulativeindex	Cumulative Index	2010	IJHS-45-2010-Issue-4	ijhs/Vol45_4_27_Cumulativeindex.pdf														
Vol45_4_28_AnnualContents	Annual Contents	2010	IJHS-45-2010-Issue-4	ijhs/Vol45_4_28_AnnualContents.pdf														
Vol45_4_2_ASharan	The Lost Knowledge_Accurate Positioning of Planets	2010	IJHS-45-2010-Issue-4	ijhs/Vol45_4_2_ASharan.pdf														
Vol45_4_3_RCKapoor	The Historical Significance of the Total Solar Eclipse of Oct 17_1762 passing over Panjab	2010	IJHS-45-2010-Issue-4	ijhs/Vol45_4_3_RCKapoor.pdf														
Vol45_4_4_GKhan	Karim Khan and his Perceptions of Western Science during his visit to Britain in 1840-41	2010	IJHS-45-2010-Issue-4	ijhs/Vol45_4_4_GKhan.pdf														
Vol45_4_5_HSingh	Khwaja Abdul Hamied (1898-1972)_Pioneer Scientist Industrialist	2010	IJHS-45-2010-Issue-4	ijhs/Vol45_4_5_HSingh.pdf														
Vol45_4_6_JNSinha	Veterinary Science and Animal Husbandry in India_A Case of IVRI at Mukteswar_IzatnagarStudy	2010	IJHS-45-2010-Issue-4	ijhs/Vol45_4_6_JNSinha.pdf														
Vol45_4_7_Historicalnotes	Nandigrama of Ganesa Daivajna	2010	IJHS-45-2010-Issue-4	ijhs/Vol45_4_7_Historicalnotes.pdf														
Vol45_4_8_Bookreview	Thakkura Pheru_Ganitasarakaumudi_The Moonlight of the Essence of Mathematics (ed and tr by SaKHYa)	2010	IJHS-45-2010-Issue-4	ijhs/Vol45_4_8_Bookreview.pdf														
Vol45_4_9_ReportsDPAgarwal	Documentation and Study of Archaeometallurgical and Ethnometallurgical Evidence in Uttarakhand with Special Reference to Iron and Copper	2010	IJHS-45-2010-Issue-4	ijhs/Vol45_4_9_ReportsDPAgarwal.pdf														
Vol46_1_10_Project%20reportAKSeth	Project Reports: A Historical Study of Epilepsy from 1900-2005 AD	2011	IJHS-46-2011-Issue-1	ijhs/Vol46_1_10_Project%20reportAKSeth.pdf														
Vol46_1_11_Project%20reportSSen	Project Reports: 1960-1999: Four Decades of Biochemistry in India	2011	IJHS-46-2011-Issue-1	ijhs/Vol46_1_11_Project%20reportSSen.pdf														
Vol46_1_12_News	News	2011	IJHS-46-2011-Issue-1	ijhs/Vol46_1_12_News.pdf														
Vol46_1_14_Supplement	Supplement: Kuttakarauiromani of Devaraja-Sankrit Text with Eng Notes and Appendices	2011	IJHS-46-2011-Issue-1	ijhs/Vol46_1_14_Supplement.pdf														
Vol46_1_15_Supplement	Supplement: Madhyamanayanaprakarah: An Unknown Manuscript ascribed to Madhava with Eng tr and Notes	2011	IJHS-46-2011-Issue-1	ijhs/Vol46_1_15_Supplement.pdf														
Vol46_1_1_PGondalekhar	Possible Chronological Markers In The Vedic Texts	2011	IJHS-46-2011-Issue-1	ijhs/Vol46_1_1_PGondalekhar.pdf														
Vol46_1_2_RNIyenger	Dhruva the Ancient Indian Pole Star: Fixity Rotation and Movement	2011	IJHS-46-2011-Issue-1	ijhs/Vol46_1_2_RNIyenger.pdf														
Vol46_1_3_OPJaiswal	Genesitic Roots and Philosophical Evolution of Vijnanavada (Yogacrya) School of Buddhism	2011	IJHS-46-2011-Issue-1	ijhs/Vol46_1_3_OPJaiswal.pdf														
Vol46_1_4_VMishra	Computation of N : A Modern Generalization of Ancient Technique	2011	IJHS-46-2011-Issue-1	ijhs/Vol46_1_4_VMishra.pdf														
Vol46_1_5_JBhattacharyya	Arrival of western medicine:Ayurvedic knowledge of anatomy and colonial confrontation	2011	IJHS-46-2011-Issue-1	ijhs/Vol46_1_5_JBhattacharyya.pdf														
Vol46_1_6_AKBiswas	Science in the Path of Syncretism	2011	IJHS-46-2011-Issue-1	ijhs/Vol46_1_6_AKBiswas.pdf														
Vol46_1_7_SKMajumdar	Historical Notes: Indian Renaissance: The Making of Modern India	2011	IJHS-46-2011-Issue-1	ijhs/Vol46_1_7_SKMajumdar.pdf														
Vol46_1_8_SRSarma	Historical Notes: Sudoku Yantra	2011	IJHS-46-2011-Issue-1	ijhs/Vol46_1_8_SRSarma.pdf														
Vol46_1_9_Bookreview	Book Review: C K Raju; Cultural Foundations of Mathematics: The Nature of Mathematical Proof and the Transmission of the Calculus from India to Europe in the 16th c AD	2011	IJHS-46-2011-Issue-1	ijhs/Vol46_1_9_Bookreview.pdf														
Vol46_2_0_Contents	Contents	2011	IJHS-46-2011-Issue-2	ijhs/Vol46_2_0_Contents.pdf														
Vol46_2_10_AKThakur	Project Reports: Tribal Technology of Northeast India: Arunachal Pradesh	2011	IJHS-46-2011-Issue-2	ijhs/Vol46_2_10_AKThakur.pdf														
Vol46_2_11_SuktaDas	Evolution of Three Premier Cancer Institutes of India - TMC, CNCI and CIWIA - An Assessment	2011	IJHS-46-2011-Issue-2	ijhs/Vol46_2_11_SuktaDas.pdf														
Vol46_2_12_NewsSRSarma	News: Magic Square for 2011	2011	IJHS-46-2011-Issue-2	ijhs/Vol46_2_12_NewsSRSarma.pdf														
Vol46_2_13_NewsKnudsen	News: Conference on: Otto Neugebauer, A Mathematician's Journey Between History and Practice of the Exact Sciences-A Report	2011	IJHS-46-2011-Issue-2	ijhs/Vol46_2_13_NewsKnudsen.pdf														
Vol46_2_14_NewsShukla	VIIth Investigators' Meet on History of Science Projects, New Delhi - A Report	2011	IJHS-46-2011-Issue-2	ijhs/Vol46_2_14_NewsShukla.pdf														
Vol46_2_15_Supplement	Kuttakarauiromani of Devaraja - Sankrit Text with Eng tr, Notes and Appendices	2011	IJHS-46-2011-Issue-2	ijhs/Vol46_2_15_Supplement.pdf														
Vol46_2_1_KJaouiche	India's Contribution to Arab Mathematics	2011	IJHS-46-2011-Issue-2	ijhs/Vol46_2_1_KJaouiche.pdf														
Vol46_2_2_AKeller	George Peacock's Arithmetic in the Changing Landscape of the History of Mathematics in India	2011	IJHS-46-2011-Issue-2	ijhs/Vol46_2_2_AKeller.pdf														
Vol46_2_3_DRaina	Situating the History of Indian Arithmetical Knowledge in George Peacock's Arithmetic	2011	IJHS-46-2011-Issue-2	ijhs/Vol46_2_3_DRaina.pdf														
Vol46_2_4_1_MJDurandRichard	Peacock's Arithmetic: An Attempt to Reconcile Empiricism to Universality	2011	IJHS-46-2011-Issue-2	ijhs/Vol46_2_4_1_MJDurandRichard.pdf														
Vol46_2_7_SKMajumdar	Historical Notes: Rabindranath's Thoughts on Science : An Overview (A Tribute in 313 his 150th Birth Anniversary)	2011	IJHS-46-2011-Issue-2	ijhs/Vol46_2_7_SKMajumdar.pdf														
Vol46_2_8_BShailaja	Inscriptions as Records of Celestial Events	2011	IJHS-46-2011-Issue-2	ijhs/Vol46_2_8_BShailaja.pdf														
Vol46_2_9_Bookreview	Book Review: Kim Plofker: Mathematics in India	2011	IJHS-46-2011-Issue-2	ijhs/Vol46_2_9_Bookreview.pdf														
Vol46_3_10_News	News: Maritime Cultures and Traditions of Bay of Bengal	2011	IJHS-46-2011-Issue-3	ijhs/Vol46_3_10_News.pdf														
Vol46_3_11_Supplement	Supplement: Kuttakarasiromani of Devaraja - Sanskrit Text with Eng tr, Notes and Appendices	2011	IJHS-46-2011-Issue-3	ijhs/Vol46_3_11_Supplement.pdf														
Vol46_3_12_Supplement	Supplement: Translation of Verses with Notes	2011	IJHS-46-2011-Issue-3	ijhs/Vol46_3_12_Supplement.pdf														
Vol46_3_1_BPrakash	Ancient Indian Iron and Steel: An Archaeometallurgical Study	2011	IJHS-46-2011-Issue-3	ijhs/Vol46_3_1_BPrakash.pdf														
Vol46_3_2_ANarayanan	The Pulsating Indian Epicycle of the Sun	2011	IJHS-46-2011-Issue-3	ijhs/Vol46_3_2_ANarayanan.pdf														
Vol46_3_3_AKBiswas	SRammohun Roy, His Intellectual Compatriots and their Scientific Contributions	2011	IJHS-46-2011-Issue-3	ijhs/Vol46_3_3_AKBiswas.pdf														
Vol46_3_4_SNBiswas	RG Chandra: A Self-taught Sky Watcher and his Contributions to Observational Astronomy	2011	IJHS-46-2011-Issue-3	ijhs/Vol46_3_4_SNBiswas.pdf														
Vol46_3_5_RCGupta	Historical Notes: Kali Chronograms of Narayana Bhattatiri (15th - 17th Centuries AD)	2011	IJHS-46-2011-Issue-3	ijhs/Vol46_3_5_RCGupta.pdf														
Vol46_3_6_SKMajumdar	Historical Notes: Acharya Prafulla Chandra Ray: A Scientist, Teacher, Author and a Patriotic Entrepreneur	2011	IJHS-46-2011-Issue-3	ijhs/Vol46_3_6_SKMajumdar.pdf														
Vol46_3_7_Bookreview	Book Review: Harkishan Singh: Pharmaceutical History of India	2011	IJHS-46-2011-Issue-3	ijhs/Vol46_3_7_Bookreview.pdf														
Vol46_3_8_SVSingh	Project Report: A Study of Devaraja's Kuttakarasiromani	2011	IJHS-46-2011-Issue-3	ijhs/Vol46_3_8_SVSingh.pdf														
Vol46_4_0_Contents	Contents	2011	IJHS-46-2011-Issue-4	ijhs/Vol46_4_0_Contents.pdf														
Vol46_4_10_Supplement	Supplement: Kuttakarasiromani of Devaraja-Sanskrit Text with Eng. tr, Notes and Appendices	2011	IJHS-46-2011-Issue-4	ijhs/Vol46_4_10_Supplement.pdf														
Vol46_4_12_Cumulativeindex	Cumulative Index	2011	IJHS-46-2011-Issue-4	ijhs/Vol46_4_12_Cumulativeindex.pdf														
Vol46_4_13_Annualcontent	Annual Contents	2011	IJHS-46-2011-Issue-4	ijhs/Vol46_4_13_Annualcontent.pdf														
Vol46_4_1_TRSPrasanna	Ancient Indian Astronomy and the Aryan Invasion Theory	2011	IJHS-46-2011-Issue-4	ijhs/Vol46_4_1_TRSPrasanna.pdf														
Vol46_4_2_BVenkateswarlu	Health Aspects in Pancatantra	2011	IJHS-46-2011-Issue-4	ijhs/Vol46_4_2_BVenkateswarlu.pdf														
Vol46_4_3_RCGupta	Mahavira-Pheru Formula for Surface of a Sphere and some other Empirical Rules	2011	IJHS-46-2011-Issue-4	ijhs/Vol46_4_3_RCGupta.pdf														
Vol46_4_4_SKMajumdar	Historical Notes: Kadambini Ganguli (1861-1923): First Lady Medical Graduate in India	2011	IJHS-46-2011-Issue-4	ijhs/Vol46_4_4_SKMajumdar.pdf														
Vol46_4_5_Purabi	Historical Notes: Trend of Geometrical Researches in Calcutta University: 1881-1931	2011	IJHS-46-2011-Issue-4	ijhs/Vol46_4_5_Purabi.pdf														
Vol46_4_6_Bookreview	Book Review: Jagdish N Sinha: Science, War and Imperialism: India in the Second World War	2011	IJHS-46-2011-Issue-4	ijhs/Vol46_4_6_Bookreview.pdf														
Vol46_4_7_VJDeshpande	Project Report: Evolution of Ayurvedic Ophthalmology in Ancient and Medieval India: A Critical Study	2011	IJHS-46-2011-Issue-4	ijhs/Vol46_4_7_VJDeshpande.pdf														
Vol46_4_8_PPDeshpande	Project Report: Catalogue of Forge welded iron Cannons in Western Maharashtra	2011	IJHS-46-2011-Issue-4	ijhs/Vol46_4_8_PPDeshpande.pdf														
Vol46_4_9_News	News	2011	IJHS-46-2011-Issue-4	ijhs/Vol46_4_9_News.pdf														
Vol47_1_0_Contents	Contents	2012	IJHS-47-2012-Issue-1	ijhs/Vol47_1_0_Contents.pdf														
Vol47_1_10_News	News	2012	IJHS-47-2012-Issue-1	ijhs/Vol47_1_10_News.pdf														
Vol47_1_12_Supplement_cover	Supplement	2012	IJHS-47-2012-Issue-1	ijhs/Vol47_1_12_Supplement_cover.pdf														
Vol47_1_14_Announcement	Announcement	2012	IJHS-47-2012-Issue-1	ijhs/Vol47_1_14_Announcement.pdf														
Vol47_1_1_LDi	Ancient Chinese People's Knowledge of Macrofungi during the Period from 220 AD to 589 AD	2012	IJHS-47-2012-Issue-1	ijhs/Vol47_1_1_LDi.pdf														
Vol47_1_2_DVDwivedi	Bilva in Indian Tradition	2012	IJHS-47-2012-Issue-1	ijhs/Vol47_1_2_DVDwivedi.pdf														
Vol47_1_3_SRSarma	The Gurmukhi Astrolabe of the Maharaja of Patiala	2012	IJHS-47-2012-Issue-1	ijhs/Vol47_1_3_SRSarma.pdf														
Vol47_1_4_JNSinha	Role of Scientists in Colonial Bengal	2012	IJHS-47-2012-Issue-1	ijhs/Vol47_1_4_JNSinha.pdf														
Vol47_1_5_SKMajumdar	Historical Notes: Swami Vivekananda's Thoughts on Science and Religion	2012	IJHS-47-2012-Issue-1	ijhs/Vol47_1_5_SKMajumdar.pdf														
Vol47_1_6_SKSaha	Historical Notes: Commissions and Committees on Technical Education in Independent India: An Appraisal	2012	IJHS-47-2012-Issue-1	ijhs/Vol47_1_6_SKSaha.pdf														
Vol47_1_7_Bookreview	Book Review	2012	IJHS-47-2012-Issue-1	ijhs/Vol47_1_7_Bookreview.pdf														
Vol47_1_8_KRoy	Project Reports: History of the Ordnance Establishments of British India: 1700-1947	2012	IJHS-47-2012-Issue-1	ijhs/Vol47_1_8_KRoy.pdf														
Vol47_1_9_PKChattopadhyay	Project Reports: Documentation of Cannons of Eastern India	2012	IJHS-47-2012-Issue-1	ijhs/Vol47_1_9_PKChattopadhyay.pdf														
Vol47_2_0_Contents	Contents	2012	IJHS-47-2012-Issue-2	ijhs/Vol47_2_0_Contents.pdf														
Vol47_2_10_AKBiswas	Project Reports: Calcuttan Science 1784-1930 and the Awakening in India	2012	IJHS-47-2012-Issue-2	ijhs/Vol47_2_10_AKBiswas.pdf														
Vol47_2_11_CPalit	Project Reports: Science and Nationalism In Bengal 1876-1947: Asutosh Mookerjee and Mathematics	2012	IJHS-47-2012-Issue-2	ijhs/Vol47_2_11_CPalit.pdf														
Vol47_2_12_News	News	2012	IJHS-47-2012-Issue-2	ijhs/Vol47_2_12_News.pdf														
Vol47_2_1_Sdas	Prevention of Cancer: Evolution of Concepts and Strategies	2012	IJHS-47-2012-Issue-2	ijhs/Vol47_2_1_Sdas.pdf														
Vol47_2_2_NKodlady	Utilization of Borax In The PharmaceuticoTherapeutics of Ayurveda in India	2012	IJHS-47-2012-Issue-2	ijhs/Vol47_2_2_NKodlady.pdf														
Vol47_2_3_ASamanta	Smallpox in Nineteenth Century Bengal	2012	IJHS-47-2012-Issue-2	ijhs/Vol47_2_3_ASamanta.pdf														
Vol47_2_4_VMRavikumar	Colonialism and Green Science: History of Colonial Scientific Forestry in South India 1820-1920	2012	IJHS-47-2012-Issue-2	ijhs/Vol47_2_4_VMRavikumar.pdf														
Vol47_2_5_JDeloche	Silting and Ancient Sea-Ports of the Tamil Country	2012	IJHS-47-2012-Issue-2	ijhs/Vol47_2_5_JDeloche.pdf														
Vol47_2_6_BSShylaja	Historical Notes: Asymmetrical Vedis In Sulbasutras	2012	IJHS-47-2012-Issue-2	ijhs/Vol47_2_6_BSShylaja.pdf														
Vol47_2_7_VRRaghvan	Historical Notes: Patient-Centered Therapy of Ayurveda: Approaches and Applications	2012	IJHS-47-2012-Issue-2	ijhs/Vol47_2_7_VRRaghvan.pdf														
Vol47_2_8_SKMajumdar	Historical Notes: International Chemistry Year: Centenary of Marie Curie's Second Nobel Laurel 1911	2012	IJHS-47-2012-Issue-2	ijhs/Vol47_2_8_SKMajumdar.pdf														
Vol47_2_9_Bookreview	Book Review	2012	IJHS-47-2012-Issue-2	ijhs/Vol47_2_9_Bookreview.pdf														
Vol47_3_0_Contents	Contents	2012	IJHS-47-2012-Issue-3	ijhs/Vol47_3_0_Contents.pdf														
Vol47_3_10_ASBhat	Project Reports: The Siddhanta Sekhara of Sripati (11th Century) - Text and English Translation	2012	IJHS-47-2012-Issue-3	ijhs/Vol47_3_10_ASBhat.pdf														
Vol47_3_11_Announcements	Announcements	2012	IJHS-47-2012-Issue-3	ijhs/Vol47_3_11_Announcements.pdf														
Vol47_3_1_ANarayanan	The Manda Puzzle in Indian Astronomy	2012	IJHS-47-2012-Issue-3	ijhs/Vol47_3_1_ANarayanan.pdf														
Vol47_3_2_SSen	Indian Cholera: A Myth	2012	IJHS-47-2012-Issue-3	ijhs/Vol47_3_2_SSen.pdf														
Vol47_3_3_AKBiswas	The Era of Science Enthusiasts in Bengal (1841-1891): Akshayakumar's; Vidyasagar and Rajendralala	2012	IJHS-47-2012-Issue-3	ijhs/Vol47_3_3_AKBiswas.pdf														
Vol47_3_4(1)_PKBandyopadhyay	The Violin and the Genesis of the Bose Institute in Calcutta	2012	IJHS-47-2012-Issue-3	ijhs/Vol47_3_4(1)_PKBandyopadhyay.pdf														
Vol47_3_4_PKBandyopadhyay	The Violin and the Genesis of the Bose Institute in Calcutta	2012	IJHS-47-2012-Issue-3	ijhs/Vol47_3_4_PKBandyopadhyay.pdf														
Vol47_3_5_AKBag	Mathematics and Mathematical Researches in India during Fifth to Twentieth Centuries: Profiles and Prospects	2012	IJHS-47-2012-Issue-3	ijhs/Vol47_3_5_AKBag.pdf														
Vol47_3_6_RNIyengar	Historical Notes: Archaeo-Astronomical Significance of the Vedic Darsapaurnamasa Altar	2012	IJHS-47-2012-Issue-3	ijhs/Vol47_3_6_RNIyengar.pdf														
Vol47_3_7_UBTewari	Historical Notes: Professor Ganesh Prasad: An Epitome of Teaching and Research in Modern Mathematics in India	2012	IJHS-47-2012-Issue-3	ijhs/Vol47_3_7_UBTewari.pdf														
Vol47_3_8_Bookreview	Book Review	2012	IJHS-47-2012-Issue-3	ijhs/Vol47_3_8_Bookreview.pdf														
Vol47_3_9_Projectreports	Project Reports: Stone Inscriptions as Records of Celestial Events	2012	IJHS-47-2012-Issue-3	ijhs/Vol47_3_9_Projectreports.pdf														
Vol47_4_0_Editorial	Editorial	2012	IJHS-47-2012-Issue-4	ijhs/Vol47_4_0_Editorial.pdf														
Vol47_4_10_Malaya	Sines and Interpolation in India	2012	IJHS-47-2012-Issue-4	ijhs/Vol47_4_10_Malaya.pdf														
Vol47_4_11_PPDivakaran	Birth of Calculus with Special Reference to Yuktibhasa	2012	IJHS-47-2012-Issue-4	ijhs/Vol47_4_11_PPDivakaran.pdf														
Vol47_4_12_Booksreceived	Books Received	2012	IJHS-47-2012-Issue-4	ijhs/Vol47_4_12_Booksreceived.pdf														
Vol47_4_13_Cumulativeindex	Cumulative Index	2012	IJHS-47-2012-Issue-4	ijhs/Vol47_4_13_Cumulativeindex.pdf														
Vol47_4_14_Annualcontent	Annual Contents	2012	IJHS-47-2012-Issue-4	ijhs/Vol47_4_14_Annualcontent.pdf														
Vol47_4_1_Contents	Contents	2012	IJHS-47-2012-Issue-4	ijhs/Vol47_4_1_Contents.pdf														
Vol47_4_2_PRamManohar	Accounts of Pathogenic Organisms in the Early Texts of Ayurveda	2012	IJHS-47-2012-Issue-4	ijhs/Vol47_4_2_PRamManohar.pdf														
Vol47_4_3_DPKaundinya	Significance of Asakrt-Karma in Finding Manda-Karna	2012	IJHS-47-2012-Issue-4	ijhs/Vol47_4_3_DPKaundinya.pdf														
Vol47_4_4_RSridhan	Folding Method of Narayana Pandita for the Construction of Samagarbha and Visama Magic Squares	2012	IJHS-47-2012-Issue-4	ijhs/Vol47_4_4_RSridhan.pdf														
Vol47_4_5_RSridhan	Narayana Pandita's Enumeration of Combinations and Associated Representation of Numbers as Sums of Binomial Coefficients	2012	IJHS-47-2012-Issue-4	ijhs/Vol47_4_5_RSridhan.pdf														
Vol47_4_6_ADutta	Narayana's Treatment of Varga-Prakrti	2012	IJHS-47-2012-Issue-4	ijhs/Vol47_4_6_ADutta.pdf														
Vol47_4_7_AKBag	Madhava- A Great Kerala Mathematician of Medieval Times	2012	IJHS-47-2012-Issue-4	ijhs/Vol47_4_7_AKBag.pdf														
Vol47_4_8_SMadhavan	Venvaroha from a Modern Perspective	2012	IJHS-47-2012-Issue-4	ijhs/Vol47_4_8_SMadhavan.pdf														
Vol47_4_9_MSSriram	Relation between the Arc and the Rsine in Tantrasangraha and other Kerala Works	2012	IJHS-47-2012-Issue-4	ijhs/Vol47_4_9_MSSriram.pdf														
Vol48_1_0_Contents	Contents	2013	IJHS-48-2013-Issue-1	ijhs/Vol48_1_0_Contents.pdf														
Vol48_1_10_News	News	2013	IJHS-48-2013-Issue-1	ijhs/Vol48_1_10_News.pdf														
Vol48_1_12_Supplement	Supplement	2013	IJHS-48-2013-Issue-1	ijhs/Vol48_1_12_Supplement.pdf														
Vol48_1_13_Form%20IV	Form IV	2013	IJHS-48-2013-Issue-1	ijhs/Vol48_1_13_Form%20IV.pdf														
Vol48_1_1_PTCraddock	Two Millennia of the Sea-bourne metals trade with India	2013	IJHS-48-2013-Issue-1	ijhs/Vol48_1_1_PTCraddock.pdf														
Vol48_1_2_JBhattacharya	Travel Accounts and the Eighteenth Century: Indian Medicine and Surgery through travelling gaze	2013	IJHS-48-2013-Issue-1	ijhs/Vol48_1_2_JBhattacharya.pdf														
Vol48_1_3_AKBiswas	Raman Krishnan and the IACS Episodes of the 1930's	2013	IJHS-48-2013-Issue-1	ijhs/Vol48_1_3_AKBiswas.pdf														
Vol48_1_4_Rsingh	Belated Nobel Prize for Max Born FRS	2013	IJHS-48-2013-Issue-1	ijhs/Vol48_1_4_Rsingh.pdf														
Vol48_1_5_Ssar	Historical Notes: A Glimpse of Some Results of Ramanujan	2013	IJHS-48-2013-Issue-1	ijhs/Vol48_1_5_Ssar.pdf														
Vol48_1_6_Pchakrabarti	Har Gobind Khorana (1922-2011)-  A Pioneer Nobel Laureate in Molecular Biology	2013	IJHS-48-2013-Issue-1	ijhs/Vol48_1_6_Pchakrabarti.pdf														
Vol48_1_7_Bookreview	Book Review	2013	IJHS-48-2013-Issue-1	ijhs/Vol48_1_7_Bookreview.pdf														
Vol48_1_8_APPandey	Project Reports: Indigenous Techniques of Weaving in Silk Industries: A Study in the context of Eastern Uttar Pradesh	2013	IJHS-48-2013-Issue-1	ijhs/Vol48_1_8_APPandey.pdf														
Vol48_1_9_Msarkar	Project Reports: Indigenous Knowledge System of the Fishermen of Sunderbans  in West Bengal and their Approaches to Health Sanitation and Climate	2013	IJHS-48-2013-Issue-1	ijhs/Vol48_1_9_Msarkar.pdf														
Vol48_2_0_Contents	Contents	2013	IJHS-48-2013-Issue-2	ijhs/Vol48_2_0_Contents.pdf														
Vol48_2_10_VTripathi	"""Project Reports: An Ethno-technological Study of Iron Working around Sonbhadra region"""	2013	IJHS-48-2013-Issue-2	ijhs/Vol48_2_10_VTripathi.pdf														
Vol48_2_11_MBhattacharjee	Project Reports: Pioneer Mathematicians and their role in Calcutta University during the Nineteenth and Twentieth Century	2013	IJHS-48-2013-Issue-2	ijhs/Vol48_2_11_MBhattacharjee.pdf														
Vol48_2_12_News	NEWS	2013	IJHS-48-2013-Issue-2	ijhs/Vol48_2_12_News.pdf														
Vol48_2_13_Supplement_inner	Supplement	2013	IJHS-48-2013-Issue-2	ijhs/Vol48_2_13_Supplement_inner.pdf														
Vol48_2_1_NCShah	Sesamum indicum (Sesame or Til): Seeds and oil - An Historical and Scientific evaluation from Indian perspective	2013	IJHS-48-2013-Issue-2	ijhs/Vol48_2_1_NCShah.pdf														
Vol48_2_2_VDeshpande	Ophthalmic Ideas in Ancient India	2013	IJHS-48-2013-Issue-2	ijhs/Vol48_2_2_VDeshpande.pdf														
Vol48_2_3_JDeloche	Water Supply Systems of the Senji (Gingee) Fort in South India(16-18th century)	2013	IJHS-48-2013-Issue-2	ijhs/Vol48_2_3_JDeloche.pdf														
Vol48_2_4_AKBiswas	The Muslim Community response to the Scientific Awakening in the Nineteenth Century India	2013	IJHS-48-2013-Issue-2	ijhs/Vol48_2_4_AKBiswas.pdf														
Vol48_2_5_JWisniak	Chemistry of Resinous gums, Dyes, Alkaloids, and Active principles - Contributions of Pelletier and others in the Nineteenth Century	2013	IJHS-48-2013-Issue-2	ijhs/Vol48_2_5_JWisniak.pdf														
Vol48_2_6_BSShylaja	Historical Notes: Daksinagni in Sulbasutras - An Astronomical Interpretation	2013	IJHS-48-2013-Issue-2	ijhs/Vol48_2_6_BSShylaja.pdf														
Vol48_2_7_KBBasant	Historical Notes: Summation of Convergent Geometric Series and the Concept of approachable Sunya	2013	IJHS-48-2013-Issue-2	ijhs/Vol48_2_7_KBBasant.pdf														
Vol48_2_8_Correspondence	Correspondences	2013	IJHS-48-2013-Issue-2	ijhs/Vol48_2_8_Correspondence.pdf														
Vol48_2_9_BookReview	Book Review	2013	IJHS-48-2013-Issue-2	ijhs/Vol48_2_9_BookReview.pdf														
Vol48_3_0_Contents	Contents	2013	IJHS-48-2013-Issue-3	ijhs/Vol48_3_0_Contents.pdf														
Vol48_3_10_SSen	Communicable Diseases and Germ Theory in Colonial India - An Assessment	2013	IJHS-48-2013-Issue-3	ijhs/Vol48_3_10_SSen.pdf														
Vol48_3_11_News	NEWS	2013	IJHS-48-2013-Issue-3	ijhs/Vol48_3_11_News.pdf														
Vol48_3_12_Supplement_cover	Supplement:Ganitamanjari of Ganesa	2013	IJHS-48-2013-Issue-3	ijhs/Vol48_3_12_Supplement_cover.pdf														
Vol48_3_13_Supplement_text	Supplement: Ganitamanjari of Ganesa	2013	IJHS-48-2013-Issue-3	ijhs/Vol48_3_13_Supplement_text.pdf														
Vol48_3_1_ANarayanan	The Lunar Model in Ancient Indian Astronomy	2013	IJHS-48-2013-Issue-3	ijhs/Vol48_3_1_ANarayanan.pdf														
Vol48_3_2_CYJagtap	Purification and Detoxification procedures for metal Tamra in Medieval Indian Medicine	2013	IJHS-48-2013-Issue-3	ijhs/Vol48_3_2_CYJagtap.pdf														
Vol48_3_3_RCKapoor	Did Ibn Sina observe the transit of Venus 1032 AD?	2013	IJHS-48-2013-Issue-3	ijhs/Vol48_3_3_RCKapoor.pdf														
Vol48_3_4_SSarkar	Bengali Entrepreneurs and Western Technology in the nineteenth century: A Social Perspective	2013	IJHS-48-2013-Issue-3	ijhs/Vol48_3_4_SSarkar.pdf														
Vol48_3_5_CPalit	Historical notes: Symbiotic relation between Geology and Botany- Pramatha Nath Bose and Girish Chandra Bose	2013	IJHS-48-2013-Issue-3	ijhs/Vol48_3_5_CPalit.pdf														
Vol48_3_6_SKMajumdar	History and Philosophy of Quantum Physics : An Overview	2013	IJHS-48-2013-Issue-3	ijhs/Vol48_3_6_SKMajumdar.pdf														
Vol48_3_7_Correspondence	Correspondence	2013	IJHS-48-2013-Issue-3	ijhs/Vol48_3_7_Correspondence.pdf														
Vol48_3_8_Bookreview	Book Reviews	2013	IJHS-48-2013-Issue-3	ijhs/Vol48_3_8_Bookreview.pdf														
Vol48_3_9_Project%20Reports	Project Reports: Brahmasiddhanta in Sakalyasamhita-Text, English Translation and Commentary	2013	IJHS-48-2013-Issue-3	ijhs/Vol48_3_9_Project%20Reports.pdf														
Vol48_4_0_Contents	Contents	2013	IJHS-48-2013-Issue-4	ijhs/Vol48_4_0_Contents.pdf														
Vol48_4_10_ProjectReport_%20BKSen	Growth of Scientific Socities in India (1784-1947)	2013	IJHS-48-2013-Issue-4	ijhs/Vol48_4_10_ProjectReport_%20BKSen.pdf														
Vol48_4_11_%20News	News	2013	IJHS-48-2013-Issue-4	ijhs/Vol48_4_11_%20News.pdf														
Vol48_4_12_BookReceivedForReview	Books received for Review in IJHS: 2013	2013	IJHS-48-2013-Issue-4	ijhs/Vol48_4_12_BookReceivedForReview.pdf														
Vol48_4_13_CumulativeIndex	Cumulative Index : Vol. 48.1-4 (2013)	2013	IJHS-48-2013-Issue-4	ijhs/Vol48_4_13_CumulativeIndex.pdf														
Vol48_4_14_AnnualContent	Annual Contents: Vol. 48.1-4 (2013)	2013	IJHS-48-2013-Issue-4	ijhs/Vol48_4_14_AnnualContent.pdf														
Vol48_4_1_BBaware	Genesis and Early Evolution of Decimal Enumeration: Evidence from Number Names in Rigveda	2013	IJHS-48-2013-Issue-4	ijhs/Vol48_4_1_BBaware.pdf														
Vol48_4_2_VNSharma	Kapa-la Yantra at Sawai Jai Singh's Jaipur Observatory	2013	IJHS-48-2013-Issue-4	ijhs/Vol48_4_2_VNSharma.pdf														
Vol48_4_3_%20AMSharan	The Udayagiri Lion Pillar and its Astronomical Significance in Ancient India	2013	IJHS-48-2013-Issue-4	ijhs/Vol48_4_3_%20AMSharan.pdf														
Vol48_4_4_PMandal	A Glimpse of the Garo Tangible Medicine: The Ruga-Garo Picture	2013	IJHS-48-2013-Issue-4	ijhs/Vol48_4_4_PMandal.pdf														
Vol48_4_5_SuktaDas	Prevention of Diabetes- A Historical Note	2013	IJHS-48-2013-Issue-4	ijhs/Vol48_4_5_SuktaDas.pdf														
Vol48_4_6_%20RCGupta	M Rangacharya and his Century Old Translation of the Ganita Sarasangraha	2013	IJHS-48-2013-Issue-4	ijhs/Vol48_4_6_%20RCGupta.pdf														
Vol48_4_7_Correspondence	Correspondence: The Lunar Model in Ancient Indian Astronomy	2013	IJHS-48-2013-Issue-4	ijhs/Vol48_4_7_Correspondence.pdf														
Vol48_4_8_Book%20Review	Book Review	2013	IJHS-48-2013-Issue-4	ijhs/Vol48_4_8_Book%20Review.pdf														
Vol48_4_9_Project%20Report_%20Jbhattacharyya	Indian Medicine through Travellers' Accounts, with emphasis on Anatomical Knowledge: 17-19th Century	2013	IJHS-48-2013-Issue-4	ijhs/Vol48_4_9_Project%20Report_%20Jbhattacharyya.pdf														
Vol49_1_0_Contents	Contents	2014	IJHS-49-2014-Issue-1	ijhs/Vol49_1_0_Contents.pdf														
Vol49_1_10_Book%20Review	Book Review	2014	IJHS-49-2014-Issue-1	ijhs/Vol49_1_10_Book%20Review.pdf														
Vol49_1_11_SKGeorge	PROJECT REPORTS- English translation of Jyotsnika: An Ayurvedic text on Vi?avidya	2014	IJHS-49-2014-Issue-1	ijhs/Vol49_1_11_SKGeorge.pdf														
Vol49_1_12_Sbiswas	Forestry Research in India (1861-2005): Historic Evolution with a Case Study	2014	IJHS-49-2014-Issue-1	ijhs/Vol49_1_12_Sbiswas.pdf														
Vol49_1_13_News	NEWS	2014	IJHS-49-2014-Issue-1	ijhs/Vol49_1_13_News.pdf														
Vol49_1_1_PKChattopadhyay	Ho Tribes of Eastern India and their Metallurgical traditions	2014	IJHS-49-2014-Issue-1	ijhs/Vol49_1_1_PKChattopadhyay.pdf														
Vol49_1_2_SNDhundi	Critical review on Makaradhvaja- A Herbomineral Formulation	2014	IJHS-49-2014-Issue-1	ijhs/Vol49_1_2_SNDhundi.pdf														
Vol49_1_3_Sdasgupta	1803 Earthquake in Garhwal Himalaya-Archival materials with commentary	2014	IJHS-49-2014-Issue-1	ijhs/Vol49_1_3_Sdasgupta.pdf														
Vol49_1_4_SKJain	India's notable presence in Linnaeus' Botanical Classification	2014	IJHS-49-2014-Issue-1	ijhs/Vol49_1_4_SKJain.pdf														
Vol49_1_5_Kmishra	The medical maladies of Sir George Everest during the Great Trigonometric Survey of India	2014	IJHS-49-2014-Issue-1	ijhs/Vol49_1_5_Kmishra.pdf														
Vol49_1_6_Sbhowmik	HISTORICAL NOTES- A glimpse of rule of logic in Gautama's Nyaya-Sutra	2014	IJHS-49-2014-Issue-1	ijhs/Vol49_1_6_Sbhowmik.pdf														
Vol49_1_7_SKMajumdar	Inquisitiveness for Science in Tagore Poems	2014	IJHS-49-2014-Issue-1	ijhs/Vol49_1_7_SKMajumdar.pdf														
Vol49_1_8_JJShah	Botanist Jaykrishnabhai: 1849-1929	2014	IJHS-49-2014-Issue-1	ijhs/Vol49_1_8_JJShah.pdf														
Vol49_1_9_Pmukherji	Bengal School of Fluid Mechanics: Nineteenth and Twentieth Century	2014	IJHS-49-2014-Issue-1	ijhs/Vol49_1_9_Pmukherji.pdf														
Vol49_2_10_BookReview	Book Review: R N Iyengar - Parasaratantra: Ancient Sanskrit Text on Astronomy and Natural Sciences	2014	IJHS-49-2014-Issue-2	ijhs/Vol49_2_10_BookReview.pdf														
Vol49_2_1_Editorial	Editorial	2014	IJHS-49-2014-Issue-2	ijhs/Vol49_2_1_Editorial.pdf														
Vol49_2_2_GuestEditorial	Guest Editorial	2014	IJHS-49-2014-Issue-2	ijhs/Vol49_2_2_GuestEditorial.pdf														
Vol49_2_3_KPlofker	Sanskrit Astronomical Tables: The State of the Field	2014	IJHS-49-2014-Issue-2	ijhs/Vol49_2_3_KPlofker.pdf														
Vol49_2_4_AKeller	Bhaskara I's Versified Solutions of a Linear Indeterminate Equation	2014	IJHS-49-2014-Issue-2	ijhs/Vol49_2_4_AKeller.pdf														
Vol49_2_5_TKnudsen	Versified Sine Tables in Jnanaraja's Siddhantasundara	2014	IJHS-49-2014-Issue-2	ijhs/Vol49_2_5_TKnudsen.pdf														
Vol49_2_6_VMallayya	Trigonometric Tables in India	2014	IJHS-49-2014-Issue-2	ijhs/Vol49_2_6_VMallayya.pdf														
Vol49_2_7_KMahesh	Sankramavakyas of the Vakyakarana	2014	IJHS-49-2014-Issue-2	ijhs/Vol49_2_7_KMahesh.pdf														
Vol49_2_8_CMontelle	The Karanakesari Tables for Computing Eclipse Phenomena	2014	IJHS-49-2014-Issue-2	ijhs/Vol49_2_8_CMontelle.pdf														
Vol49_2_9_KRupa	Makaranda Sarini and Allied Saurapakna Tables -A Study	2014	IJHS-49-2014-Issue-2	ijhs/Vol49_2_9_KRupa.pdf														
Vol49_3_0_Contents	Contents	2014	IJHS-49-2014-Issue-3	ijhs/Vol49_3_0_Contents.pdf														
Vol49_3_10_KBBasant	Historical Notes: Some Applications of First Approachable Sunya and Derivation of other Approachable Sunyas	2014	IJHS-49-2014-Issue-3	ijhs/Vol49_3_10_KBBasant.pdf														
Vol49_3_11_RCGupta	Book Review: Sita Sundar Ram-Bijapallava of Krsna Daivajna: Algebra in Sixteen Century India-A Critical Study	2014	IJHS-49-2014-Issue-3	ijhs/Vol49_3_11_RCGupta.pdf														
Vol49_3_12_SNellickappilly	Project Report: The Traditional Ayurveda Practicing by Parambarya Vaidyas in Kerala and their Unique Ethical Outlook	2014	IJHS-49-2014-Issue-3	ijhs/Vol49_3_12_SNellickappilly.pdf														
Vol49_3_13_PMandal	Project Reports: The Garo Perception of Disease and Medicine: A History Since the British Regime in the Indian Sub-Continent	2014	IJHS-49-2014-Issue-3	ijhs/Vol49_3_13_PMandal.pdf														
Vol49_3_14_NEWS	NEWS	2014	IJHS-49-2014-Issue-3	ijhs/Vol49_3_14_NEWS.pdf														
Vol49_3_1_RN_Iyengar	Parasara's Six Season Solar Zodiac and Heliacal Visibility of Star Agastya in 1350-1130 BC	2014	IJHS-49-2014-Issue-3	ijhs/Vol49_3_1_RN_Iyengar.pdf														
Vol49_3_2_Dwivedi	Plant Diseases and their Treatment in Sanskrit Literature	2014	IJHS-49-2014-Issue-3	ijhs/Vol49_3_2_Dwivedi.pdf														
Vol49_3_3_NHanda	Methods of Interpolation in Indian Astronomy	2014	IJHS-49-2014-Issue-3	ijhs/Vol49_3_3_NHanda.pdf														
Vol49_3_4_DJadhav	Nemicandra's Rules for Computing Multiplier and Divisor	2014	IJHS-49-2014-Issue-3	ijhs/Vol49_3_4_DJadhav.pdf														
Vol49_3_5_Pustynski	On Mathematical Complexity of Sriyantra	2014	IJHS-49-2014-Issue-3	ijhs/Vol49_3_5_Pustynski.pdf														
Vol49_3_6_NShah	Techno-Scientific Education and the Indian National Congress (1885-1918)	2014	IJHS-49-2014-Issue-3	ijhs/Vol49_3_6_NShah.pdf														
Vol49_3_7_DBhatacharya	Historical Notes: Select Palm Leaf Manuscripts on Health Care	2014	IJHS-49-2014-Issue-3	ijhs/Vol49_3_7_DBhatacharya.pdf														
Vol49_3_8_RSridharan	Historical Notes: Some Nineteenth Century Indian Mathematicians Prior to Ramanujan	2014	IJHS-49-2014-Issue-3	ijhs/Vol49_3_8_RSridharan.pdf														
Vol49_3_9_SKMajumdar	Historical Notes: Bankim Chandra-First Writer of Popular Science in Bengali	2014	IJHS-49-2014-Issue-3	ijhs/Vol49_3_9_SKMajumdar.pdf														
Vol49_4_0_Contents	Contents	2014	IJHS-49-2014-issue-4	ijhs/Vol49_4_0_Contents.pdf														
Vol49_4_10_BKSen	Chemical Research in British India (1788-1900)	2014	IJHS-49-2014-issue-4	ijhs/Vol49_4_10_BKSen.pdf														
Vol49_4_11_DRaina	The Making of a Classic: The Contemporary Significance of P. C. Ray's Historical Approach	2014	IJHS-49-2014-issue-4	ijhs/Vol49_4_11_DRaina.pdf														
Vol49_4_12_PKBasu	Good Life, Self-Sufficiency and Chemical Knowledge: Through The Chemical Worls View of Late Jnan Chandra Ghosh	2014	IJHS-49-2014-issue-4	ijhs/Vol49_4_12_PKBasu.pdf														
Vol49_4_13_Bookreview	Book Reviews	2014	IJHS-49-2014-issue-4	ijhs/Vol49_4_13_Bookreview.pdf														
Vol49_4_14_Bookreceived	Books Received for Review	2014	IJHS-49-2014-issue-4	ijhs/Vol49_4_14_Bookreceived.pdf														
Vol49_4_15_CumulativeIndex	Cumulative Index	2014	IJHS-49-2014-issue-4	ijhs/Vol49_4_15_CumulativeIndex.pdf														
Vol49_4_16_AnnualContents2014	Annual Contents 2014	2014	IJHS-49-2014-issue-4	ijhs/Vol49_4_16_AnnualContents2014.pdf														
Vol49_4_1_Editorial	Editorial	2014	IJHS-49-2014-issue-4	ijhs/Vol49_4_1_Editorial.pdf														
Vol49_4_2_Guest_Editorial	Guest Editorial	2014	IJHS-49-2014-issue-4	ijhs/Vol49_4_2_Guest_Editorial.pdf														
Vol49_4_3_AChakravorty	The Chemical Researches of Acharya Prafulla Chandra Ray	2014	IJHS-49-2014-issue-4	ijhs/Vol49_4_3_AChakravorty.pdf														
Vol49_4_4_KBhattacharyya	Early Research in Physical Chemistry in India	2014	IJHS-49-2014-issue-4	ijhs/Vol49_4_4_KBhattacharyya.pdf														
Vol49_4_5_KNagarajan	History of Natural Products Chemistry in India	2014	IJHS-49-2014-issue-4	ijhs/Vol49_4_5_KNagarajan.pdf														
Vol49_4_6_AVRRao	Indian Organic Chemical Industry: Decades of Struggle & Achievements	2014	IJHS-49-2014-issue-4	ijhs/Vol49_4_6_AVRRao.pdf														
Vol49_4_7_HSingh	Medicinal Chemistry Research in India	2014	IJHS-49-2014-issue-4	ijhs/Vol49_4_7_HSingh.pdf														
Vol49_4_8_AKShukla	A Short History of Electrochemistry in India	2014	IJHS-49-2014-issue-4	ijhs/Vol49_4_8_AKShukla.pdf														
Vol49_4_9_MRoy	Historical Notes: Manuscripts on Alchemy in India - Commentaries and Editions	2014	IJHS-49-2014-issue-4	ijhs/Vol49_4_9_MRoy.pdf														
Vol4_2005_01_IRON%20CANNONS%20OF%20CHINA	Iron Cannons of China	2005	IJHS-40-2005-Issue-4	ijhs/Vol4_2005_01_IRON%20CANNONS%20OF%20CHINA.pdf														
Vol4_2005_02_MONSTER%20CANNON%20WROUGHT%20IRON%20BOMBARDS%20OF%20EUROPE	Monster Cannon: Wrought Iron Bombards of Europe	2005	IJHS-40-2005-Issue-4	ijhs/Vol4_2005_02_MONSTER%20CANNON%20WROUGHT%20IRON%20BOMBARDS%20OF%20EUROPE.pdf														
Vol4_2005_03_CANNONS%20OF%20EASTERN%20INDIA	Cannons of Eastern India	2005	IJHS-40-2005-Issue-4	ijhs/Vol4_2005_03_CANNONS%20OF%20EASTERN%20INDIA.pdf														
Vol4_2005_04_FORGE%20WELDED%20CANNONS%20IN%20THE%20FORTS%20OF%20KARIMNAGAR%20DISTRICT%20IN%20THE%20ANDHRA%20PRADESH	Forge-welded Cannons in the Forts of Karimnagar District in Andhrapradesh	2005	IJHS-40-2005-Issue-4	ijhs/Vol4_2005_04_FORGE%20WELDED%20CANNONS%20IN%20THE%20FORTS%20OF%20KARIMNAGAR%20DISTRICT%20IN%20THE%20ANDHRA%20PRADESH.pdf														
Vol4_2005_05_DEVELOPMENT%20OF%20CANNON%20TECHNOLOGY%20IN%20INDIA	Development of Cannon Technology in India	2005	IJHS-40-2005-Issue-4	ijhs/Vol4_2005_05_DEVELOPMENT%20OF%20CANNON%20TECHNOLOGY%20IN%20INDIA.pdf														
Vol4_2005_06_EPIC%20OF%20SALTPETRE%20TO%20GUNPOWDER	Epic of Saltpetre to Gunpowder	2005	IJHS-40-2005-Issue-4	ijhs/Vol4_2005_06_EPIC%20OF%20SALTPETRE%20TO%20GUNPOWDER.pdf														
Vol4_2005_07_GUNPOWDER%20ARTILLERY%20AND%20MILITARY%20ARCHITECTURE%20IN%20SOUTH%20INDIA%20(15-18TH%20CENTURY)	Gunpowder Artillery and Military Architecture in South India (15-18th Century)	2005	IJHS-40-2005-Issue-4	ijhs/Vol4_2005_07_GUNPOWDER%20ARTILLERY%20AND%20MILITARY%20ARCHITECTURE%20IN%20SOUTH%20INDIA%20(15-18TH%20CENTURY).pdf														
Vol4_2005_08_FIREPOWER%20CENTRIC%20WARFARE%20IN%20INDIA%20AND%20MILITARY%20MODERNIZATION%20OF%20THE%20MARATHAS%201740-1	Firepower-centric Warfare in India and the Military Modernization of the Marathas: 1740-1 818	2005	IJHS-40-2005-Issue-4	ijhs/Vol4_2005_08_FIREPOWER%20CENTRIC%20WARFARE%20IN%20INDIA%20AND%20MILITARY%20MODERNIZATION%20OF%20THE%20MARATHAS%201740-1.pdf														
Vol4_2005_09_ROCKETS%20UNDER%20HAIDAR%20ALI%20AND%20TIPU%20SULTAN'	Rockets under Haidar Ali and Tipu Sultan	2005	IJHS-40-2005-Issue-4	ijhs/Vol4_2005_09_ROCKETS%20UNDER%20HAIDAR%20ALI%20AND%20TIPU%20SULTAN'.pdf														
Vol4_2005_10_HISTORICAL%20NOTES_2	Historical Notes: Saltpetre Manufacture and Marketing in Medieval India	2005	IJHS-40-2005-Issue-4	ijhs/Vol4_2005_10_HISTORICAL%20NOTES_2.pdf														
Vol4_2005_10_HISTORICAL%20NOTES_3	Historical Notes: European Mercenary Artillerymen in Indian Subcontinent: 1500-1800	2005	IJHS-40-2005-Issue-4	ijhs/Vol4_2005_10_HISTORICAL%20NOTES_3.pdf														
Vol4_2005_11_BOOK%20REVIEW	Book Review: Science in Archaeology and Archaeo-Materials	2005	IJHS-40-2005-Issue-4	ijhs/Vol4_2005_11_BOOK%20REVIEW.pdf														
Vol4_2005_12_NEWS	News	2005	IJHS-40-2005-Issue-4	ijhs/Vol4_2005_12_NEWS.pdf														
Vol4_2005_13_SUUPPLEMENT	Supplement: Growth of Scientific Periodicals in India- (1901-1947)	2005	IJHS-40-2005-Issue-4	ijhs/Vol4_2005_13_SUUPPLEMENT.pdf														
Vol50_2015_1_Art01	Editorial	2015	IJHS-50-2015-Issue-1	ijhs/Vol50_2015_1_Art01.pdf														
Vol50_2015_1_Art02	Early System of Naksatras, Calendar and Antiquity of the Vedic & Harappan Traditions	2015	IJHS-50-2015-Issue-1	ijhs/Vol50_2015_1_Art02.pdf														
Vol50_2015_1_Art03	Soma, an Enigmatic, Mysterious Plant of the Vedic Aryas: An Appraisal	2015	IJHS-50-2015-Issue-1	ijhs/Vol50_2015_1_Art03.pdf														
Vol50_2015_1_Art04	Crafts and Technologies of the Chalcolithic People of South Asia: An Overview	2015	IJHS-50-2015-Issue-1	ijhs/Vol50_2015_1_Art04.pdf														
Vol50_2015_1_Art05	The Metal Casting Traditions of South Asia: Continuity and Innovation	2015	IJHS-50-2015-Issue-1	ijhs/Vol50_2015_1_Art05.pdf														
Vol50_2015_1_Art06	Foundations of Immunology in Ayurvedic classics	2015	IJHS-50-2015-Issue-1	ijhs/Vol50_2015_1_Art06.pdf														
Vol50_2015_1_Art07	From Persons to Hospital Cases: The Rise of Hospital Medicine and the Calcutta Medical College in India	2015	IJHS-50-2015-Issue-1	ijhs/Vol50_2015_1_Art07.pdf														
Vol50_2015_1_Art08	Historical Note: Concept of Manas in Samkhya Darsana	2015	IJHS-50-2015-Issue-1	ijhs/Vol50_2015_1_Art08.pdf														
Vol50_2015_1_Art09	Historical Note: Percetion of Food and Nutrition and Dietary Recommendation in Health and Disease: Focus on Caraka-Susruta Samhitas	2015	IJHS-50-2015-Issue-1	ijhs/Vol50_2015_1_Art09.pdf														
Vol50_2015_1_Art10	Historical Note: Old Water-Works on the Eastern Part of Mysore Plateau	2015	IJHS-50-2015-Issue-1	ijhs/Vol50_2015_1_Art10.pdf														
Vol50_2015_1_Art11	Book Review: A Selected Works of Gurugovinda Chakravarti on Ancient and Medieval Indian Mathematics	2015	IJHS-50-2015-Issue-1	ijhs/Vol50_2015_1_Art11.pdf														
Vol50_2015_1_Art12	Book Review: History of Science in India, Vol. III: Chemical Science	2015	IJHS-50-2015-Issue-1	ijhs/Vol50_2015_1_Art12.pdf														
Vol50_2015_1_Art13	Project Report: Use of Solar Passice Concepts in the Avadh Architechtectural Buildings and their Modified Impact	2015	IJHS-50-2015-Issue-1	ijhs/Vol50_2015_1_Art13.pdf														
Vol50_2015_1_Art14	News: Magic Square for 2015	2015	IJHS-50-2015-Issue-1	ijhs/Vol50_2015_1_Art14.pdf														
Vol50_2015_1_Art15	News: 900th Birth Anniversary of Bhaskaracarya: A Brief Report	2015	IJHS-50-2015-Issue-1	ijhs/Vol50_2015_1_Art15.pdf														
Vol50_2015_1_Contents	Contents	2015	IJHS-50-2015-Issue-1	ijhs/Vol50_2015_1_Contents.pdf														
Vol50_2015_1_Message_President	Massage  From: President INSA	2015	IJHS-50-2015-Issue-1	ijhs/Vol50_2015_1_Message_President.pdf														
Vol50_2015_2_Art01	Descriptions and Classification of Cancer in the Classical Ayurvedic Texts	2015	IJHS-50-2015-Issue-2	ijhs/Vol50_2015_2_Art01.pdf														
Vol50_2015_2_Art02	Some Medicinal Plants of Indian Puranas in Today’s Ethnomedicinal Perspective	2015	IJHS-50-2015-Issue-2	ijhs/Vol50_2015_2_Art02.pdf														
Vol50_2015_2_Art03	Classification of Substances in Vaidyanighantus -Medical Lexions	2015	IJHS-50-2015-Issue-2	ijhs/Vol50_2015_2_Art03.pdf														
Vol50_2015_2_Art04	Allusions to Ancient Indian Mathematical Sciences in an Early Eighth Century Chinese Compilation by	2015	IJHS-50-2015-Issue-2	ijhs/Vol50_2015_2_Art04.pdf														
Vol50_2015_2_Art05	Narayana’s Generalisation of Matra-Vrtta-Prastara and the Generalised Virahanka-Fibonacci Representa	2015	IJHS-50-2015-Issue-2	ijhs/Vol50_2015_2_Art05.pdf														
Vol50_2015_2_Art06	Rationale for Vakyas Pertaining to the Sun in Karanapaddhati	2015	IJHS-50-2015-Issue-2	ijhs/Vol50_2015_2_Art06.pdf														
Vol50_2015_2_Art07	Lalah Bulhomal Lahori and the Production of Traditional Astronomical Instruments at Lahore in the Ni	2015	IJHS-50-2015-Issue-2	ijhs/Vol50_2015_2_Art07.pdf														
Vol50_2015_2_Art08	Historical Note: Ambergris in Perfumery in the Past and Present Indian Context and the Western World	2015	IJHS-50-2015-Issue-2	ijhs/Vol50_2015_2_Art08.pdf														
Vol50_2015_2_Art09	Historical Note: Traditional Healing Practices in North East India	2015	IJHS-50-2015-Issue-2	ijhs/Vol50_2015_2_Art09.pdf														
Vol50_2015_2_Art10	Historical Note: Historical Antecedents of Cancer Surveillance from 1805 to 1891	2015	IJHS-50-2015-Issue-2	ijhs/Vol50_2015_2_Art10.pdf														
Vol50_2015_2_Art11	Historical Note: Scientific Exploration of the Snow Fungus (Tremella fuciformis Berk.)	2015	IJHS-50-2015-Issue-2	ijhs/Vol50_2015_2_Art11.pdf														
Vol50_2015_2_Art12	Project Report: Metrological Traditions of South India	2015	IJHS-50-2015-Issue-2	ijhs/Vol50_2015_2_Art12.pdf														
Vol50_2015_2_Art13	Book Review: Indian Astronomy -Concepts and Procedures by S Balachandra Rao	2015	IJHS-50-2015-Issue-2	ijhs/Vol50_2015_2_Art13.pdf														
Vol50_2015_2_Art14	News: Cross Civilizational Interactions in Antiquity: India, Iran, Greece and China - A Report	2015	IJHS-50-2015-Issue-2	ijhs/Vol50_2015_2_Art14.pdf														
Vol50_2015_2_Art15	News: Sir JC Bose Trust: An Appeal	2015	IJHS-50-2015-Issue-2	ijhs/Vol50_2015_2_Art15.pdf														
Vol50_2015_2_Contents	Contents	2015	IJHS-50-2015-Issue-2	ijhs/Vol50_2015_2_Contents.pdf														
Vol50_2015_3_Art01	Ideas and Researches on Physical Concepts in India	2015	IJHS-50-2015-Issue-3	ijhs/Vol50_2015_3_Art01.pdf														
Vol50_2015_3_Art02	Kanny Lall Dey– Pioneer Proponent of Indigenous Drugs	2015	IJHS-50-2015-Issue-3	ijhs/Vol50_2015_3_Art02.pdf														
Vol50_2015_3_Art03	Sir Asutosh and Rise of Modern Science in India	2015	IJHS-50-2015-Issue-3	ijhs/Vol50_2015_3_Art03.pdf														
Vol50_2015_3_Art04	The Doctoral Research of Acharya Prafulla Chandra Ray	2015	IJHS-50-2015-Issue-3	ijhs/Vol50_2015_3_Art04.pdf														
Vol50_2015_3_Art05	D M Bose and Cosmic Ray Research	2015	IJHS-50-2015-Issue-3	ijhs/Vol50_2015_3_Art05.pdf														
Vol50_2015_3_Art06	An Account of the Development of Nuclear Magnetic Resonance (NMR) in India	2015	IJHS-50-2015-Issue-3	ijhs/Vol50_2015_3_Art06.pdf														
Vol50_2015_3_Art07	Historical Notes: Electrochemistry and Fuel Cells: The Contribution of William Robert Grove	2015	IJHS-50-2015-Issue-3	ijhs/Vol50_2015_3_Art07.pdf														
Vol50_2015_3_Art08	Historical Notes: Historiography and Commentary on the Nepal - India Earthquake of 26 August 1833	2015	IJHS-50-2015-Issue-3	ijhs/Vol50_2015_3_Art08.pdf														
Vol50_2015_3_Art09	Historical Notes: Rabies, Anti-Rabic Vaccine and the Raj	2015	IJHS-50-2015-Issue-3	ijhs/Vol50_2015_3_Art09.pdf														
Vol50_2015_3_Art10	Historical Notes: Features of Mathematical Sciences in India in the Second World War	2015	IJHS-50-2015-Issue-3	ijhs/Vol50_2015_3_Art10.pdf														
Vol50_2015_3_Art11	Historical Notes: Doctorate Degrees from India: 1877 (first award) to 1920	2015	IJHS-50-2015-Issue-3	ijhs/Vol50_2015_3_Art11.pdf														
Vol50_2015_3_Art12	Project Report: English Translation with critical notes and indexing of Pathyapathyaviniscaya - A 16	2015	IJHS-50-2015-Issue-3	ijhs/Vol50_2015_3_Art12.pdf														
Vol50_2015_3_Art13	Book Review: Taming the Unknown - A History of Algebra from Antiquity to the Early Twentieth Century	2015	IJHS-50-2015-Issue-3	ijhs/Vol50_2015_3_Art13.pdf														
Vol50_2015_3_Art14	News	2015	IJHS-50-2015-Issue-3	ijhs/Vol50_2015_3_Art14.pdf														
Vol50_2015_3_CONTENTS	Contents	2015	IJHS-50-2015-Issue-3	ijhs/Vol50_2015_3_CONTENTS.pdf														
Vol50_2015_4_Art01	Sacrificially Important Trees Revealed in the Krsna Yajurveda Samhita- Their Description and Uses	2015	IJHS-50-2015-Issue-4	ijhs/Vol50_2015_4_Art01.pdf														
Vol50_2015_4_Art02	Identity and Attributes of Ayurvedic Medicinal Plant Brahmi/Aindri from Antiquity to the Modern Age	2015	IJHS-50-2015-Issue-4	ijhs/Vol50_2015_4_Art02.pdf														
Vol50_2015_4_Art03	Survey of Zijes Written in the Subcontinent	2015	IJHS-50-2015-Issue-4	ijhs/Vol50_2015_4_Art03.pdf														
Vol50_2015_4_Art04	Nilakanthas Value of R-Sine for the Arc of Twenty-four Degrees	2015	IJHS-50-2015-Issue-4	ijhs/Vol50_2015_4_Art04.pdf														
Vol50_2015_4_Art05	HISTEM and the Making of Modern India — Some Questions and Explanations	2015	IJHS-50-2015-Issue-4	ijhs/Vol50_2015_4_Art05.pdf														
Vol50_2015_4_Art06	Historical Note: In Search of Roots: Tracing the History and Philosophy of Indian Medicine	2015	IJHS-50-2015-Issue-4	ijhs/Vol50_2015_4_Art06.pdf														
Vol50_2015_4_Art07	Historical Note: Trigonometrical Survey of India and Naming of Peak XV as Mt. Everest	2015	IJHS-50-2015-Issue-4	ijhs/Vol50_2015_4_Art07.pdf														
Vol50_2015_4_Art08	Correspondence: Ideas and Researches on Physical Concepts in India	2015	IJHS-50-2015-Issue-4	ijhs/Vol50_2015_4_Art08.pdf														
Vol50_2015_4_Art09	Book Review: Medicine, Trade and Empire: Garcia de Orta’s Colloquies on the Simples and Drugs of India (1563) in Context	2015	IJHS-50-2015-Issue-4	ijhs/Vol50_2015_4_Art09.pdf														
Vol50_2015_4_Art10	Project Report: English Translation of Rasendra Cudamani	2015	IJHS-50-2015-Issue-4	ijhs/Vol50_2015_4_Art10.pdf														
Vol50_2015_4_Art11	News: History of Science Seminar on the Indian Heritage: A Genomic View- A Report	2015	IJHS-50-2015-Issue-4	ijhs/Vol50_2015_4_Art11.pdf														
Vol50_2015_4_Art12	Books Received for Review and	2015	IJHS-50-2015-Issue-4	ijhs/Vol50_2015_4_Art12.pdf														
Vol50_2015_4_Art13	Cumulative Index	2015	IJHS-50-2015-Issue-4	ijhs/Vol50_2015_4_Art13.pdf														
Vol50_2015_4_Art14	Annual Contents	2015	IJHS-50-2015-Issue-4	ijhs/Vol50_2015_4_Art14.pdf														
Vol50_2015_4_CONTENTS	Contents	2015	IJHS-50-2015-Issue-4	ijhs/Vol50_2015_4_CONTENTS.pdf														
Vol51_2016_1_Art01	Contents	2016	IJHS-51-2016-Issue-1	ijhs/Vol51_2016_1_Art01.pdf														
Vol51_2016_1_Art02	Editorial: Tradition & Methodology of Knowledge Production	2016	IJHS-51-2016-Issue-1	ijhs/Vol51_2016_1_Art02.pdf														
Vol51_2016_1_Art03	Guest Editorial	2016	IJHS-51-2016-Issue-1	ijhs/Vol51_2016_1_Art03.pdf														
Vol51_2016_1_Art04	An Introductory Outline of Knowledge Production in Pre-colonial India	2016	IJHS-51-2016-Issue-1	ijhs/Vol51_2016_1_Art04.pdf														
Vol51_2016_1_Art05	Metallurgy of Zinc, High-tin Bronze and Gold in Indian Antiquity: Methodological Aspects	2016	IJHS-51-2016-Issue-1	ijhs/Vol51_2016_1_Art05.pdf														
Vol51_2016_1_Art06	Carakas Approach to Knowledge	2016	IJHS-51-2016-Issue-1	ijhs/Vol51_2016_1_Art06.pdf														
Vol51_2016_1_Art07	Origins and Growth of Ayurvedic Knowledge	2016	IJHS-51-2016-Issue-1	ijhs/Vol51_2016_1_Art07.pdf														
Vol51_2016_1_Art08	Knowledge Generation in Ayurveda: Methodological Aspects	2016	IJHS-51-2016-Issue-1	ijhs/Vol51_2016_1_Art08.pdf														
Vol51_2016_1_Art09	What is Indian about Indian Mathematics?	2016	IJHS-51-2016-Issue-1	ijhs/Vol51_2016_1_Art09.pdf														
Vol51_2016_1_Art10	Heliacal Rising of Canopus in Indian Astronomy	2016	IJHS-51-2016-Issue-1	ijhs/Vol51_2016_1_Art10.pdf														
Vol51_2016_1_Art11	Inference as a Means of Valid Knowledge in Indian Epistemological Tradition	2016	IJHS-51-2016-Issue-1	ijhs/Vol51_2016_1_Art11.pdf														
Vol51_2016_1_Art12	Debate as a Methodology of Knowledge Production in Pre-Modern India	2016	IJHS-51-2016-Issue-1	ijhs/Vol51_2016_1_Art12.pdf														
Vol51_2016_1_Art13	Translation as Method: Implications for History of Science	2016	IJHS-51-2016-Issue-1	ijhs/Vol51_2016_1_Art13.pdf														
Vol51_2016_1_Art14	In Search of the Beginnings and Growth of Knowledge Production in Tamil	2016	IJHS-51-2016-Issue-1	ijhs/Vol51_2016_1_Art14.pdf														
Vol51_2016_1_Art15	A Note on Grammatical Knowledge in Early Tamilakam	2016	IJHS-51-2016-Issue-1	ijhs/Vol51_2016_1_Art15.pdf														
Vol51_2016_1_Art16	Body Centric Knowledge: Traditions of Performance and Pedagogy in Kathakali	2016	IJHS-51-2016-Issue-1	ijhs/Vol51_2016_1_Art16.pdf														
Vol51_2016_1_Art17	The Polysemy of the Prabandha – Reading a Premodern Musical Genre	2016	IJHS-51-2016-Issue-1	ijhs/Vol51_2016_1_Art17.pdf														
Vol51_2016_1_Art18	From the Mythology of Vastusastra to the Methodology of Vastuvidya	2016	IJHS-51-2016-Issue-1	ijhs/Vol51_2016_1_Art18.pdf														
Vol51_2016_2_1_Art00	Contents	2016	IJHS-51-2016-Issue-2A	ijhs/Vol51_2016_2_1_Art00.pdf														
Vol51_2016_2_1_Art01	Agricultural Practices as gleaned from the Tamil Literature of the Sangam Age	2016	IJHS-51-2016-Issue-2A	ijhs/Vol51_2016_2_1_Art01.pdf														
Vol51_2016_2_1_Art02	Combinatorics as Found in the Gommatsara of Nemichandra	2016	IJHS-51-2016-Issue-2A	ijhs/Vol51_2016_2_1_Art02.pdf														
Vol51_2016_2_1_Art03	Records of Vyatipata in Stone Inscriptions	2016	IJHS-51-2016-Issue-2A	ijhs/Vol51_2016_2_1_Art03.pdf														
Vol51_2016_2_1_Art04	Pathophysiology and Treatment of Urolithiasis in Unani Medicine	2016	IJHS-51-2016-Issue-2A	ijhs/Vol51_2016_2_1_Art04.pdf														
Vol51_2016_2_1_Art05	Techno-Engineering Education and the Railways in Colonial India	2016	IJHS-51-2016-Issue-2A	ijhs/Vol51_2016_2_1_Art05.pdf														
Vol51_2016_2_1_Art06	Sahib Singh Sokhey (1887-1971): An Eminent Medico-Pharmaceutical Professional	2016	IJHS-51-2016-Issue-2A	ijhs/Vol51_2016_2_1_Art06.pdf														
Vol51_2016_2_1_Art07	Historical Notes: Revisiting the Calendar Tradition of Ancient India	2016	IJHS-51-2016-Issue-2A	ijhs/Vol51_2016_2_1_Art07.pdf														
Vol51_2016_2_1_Art08	Historical Notes: Genesis and Progress in Concepts of Preventive Cardiology: A Historical Overview	2016	IJHS-51-2016-Issue-2A	ijhs/Vol51_2016_2_1_Art08.pdf														
Vol51_2016_2_1_Art09	Historical Notes: Girish Chandra Bose and Agricultural Journalism	2016	IJHS-51-2016-Issue-2A	ijhs/Vol51_2016_2_1_Art09.pdf														
Vol51_2016_2_1_Art10	Historical Notes: Radhanath Sikdar and the Final Phase of Measuring Peak XV	2016	IJHS-51-2016-Issue-2A	ijhs/Vol51_2016_2_1_Art10.pdf														
Vol51_2016_2_1_Art11	Book Review: Flood Finbarr B—Objects of Translation – Material Culture and Medieval “Hindu-Muslim	2016	IJHS-51-2016-Issue-2A	ijhs/Vol51_2016_2_1_Art11.pdf														
Vol51_2016_2_1_Art12	Project Report: Study of Indus Valley Scripts through Linguistic and Markov Chain Methods	2016	IJHS-51-2016-Issue-2A	ijhs/Vol51_2016_2_1_Art12.pdf														
Vol51_2016_2_1_Art13	Project Report: English Translation of Second part of Siddhanta Sekhara of Sripati	2016	IJHS-51-2016-Issue-2A	ijhs/Vol51_2016_2_1_Art13.pdf														
Vol51_2016_2_2_Art00	Contents	2016	IJHS-51-2016-Issue-2B	ijhs/Vol51_2016_2_2_Art00.pdf														
Vol51_2016_2_2_Art01	Editorial	2016	IJHS-51-2016-Issue-2B	ijhs/Vol51_2016_2_2_Art01.pdf														
Vol51_2016_2_2_Art02	Guest Editorial	2016	IJHS-51-2016-Issue-2B	ijhs/Vol51_2016_2_2_Art02.pdf														
Vol51_2016_2_2_Art03	Iconic Flora of Heritage Significance in India	2016	IJHS-51-2016-Issue-2B	ijhs/Vol51_2016_2_2_Art03.pdf														
Vol51_2016_2_2_Art04	The Holy Basil (Ocimum sanctum L.) and its Genome	2016	IJHS-51-2016-Issue-2B	ijhs/Vol51_2016_2_2_Art04.pdf														
Vol51_2016_2_2_Art05	Genome and Evolution of the Sacred Lotus	2016	IJHS-51-2016-Issue-2B	ijhs/Vol51_2016_2_2_Art05.pdf														
Vol51_2016_2_2_Art06	Decoded Rice Genome for Decipherment of Origin, Domestication and Functional Attributes of Rice	2016	IJHS-51-2016-Issue-2B	ijhs/Vol51_2016_2_2_Art06.pdf														
Vol51_2016_2_2_Art07	Origin, Diversity and Genome Sequence of Mango (Mangifera indica L.)	2016	IJHS-51-2016-Issue-2B	ijhs/Vol51_2016_2_2_Art07.pdf														
Vol51_2016_2_2_Art08	Iconic Fauna of Heritage Significance in India	2016	IJHS-51-2016-Issue-2B	ijhs/Vol51_2016_2_2_Art08.pdf														
Vol51_2016_2_2_Art09	Genetic Structure of the Wild Populations of the Indian Rhinoceros (Rhinoceros unicornis)	2016	IJHS-51-2016-Issue-2B	ijhs/Vol51_2016_2_2_Art09.pdf														
Vol51_2016_2_2_Art10	Gene flow and Evolutionary History of Tigers in Central India	2016	IJHS-51-2016-Issue-2B	ijhs/Vol51_2016_2_2_Art10.pdf														
Vol51_2016_2_2_Art11	Evolutionary History and Population Genetic Structure of Asian Elephants in India	2016	IJHS-51-2016-Issue-2B	ijhs/Vol51_2016_2_2_Art11.pdf														
Vol51_2016_2_2_Art12	The Dazzling Diversity and the Fundamental Unity: Peopling and the Genomic Structure of Ethnic India	2016	IJHS-51-2016-Issue-2B	ijhs/Vol51_2016_2_2_Art12.pdf														
Vol51_2016_2_2_Art13	Historical Note: Medical Genetics in Classical Ayurvedic Texts: A Critical Review	2016	IJHS-51-2016-Issue-2B	ijhs/Vol51_2016_2_2_Art13.pdf														
Vol51_2016_2_2_Art14	Historical Note: History and Development of Genetics Research in India: Three case studies	2016	IJHS-51-2016-Issue-2B	ijhs/Vol51_2016_2_2_Art14.pdf														
Vol51_2016_3_Art00	Contents	2016	IJHS-51-2016-Issue-3	ijhs/Vol51_2016_3_Art00.pdf														
Vol51_2016_3_Art01	Mud Plaster Wall Paintings of Bhaja Caves: Composition and Performance Characteristics	2016	IJHS-51-2016-Issue-3	ijhs/Vol51_2016_3_Art01.pdf														
Vol51_2016_3_Art02	Role of Experiments in the Progress of Science: Lessons from our History	2016	IJHS-51-2016-Issue-3	ijhs/Vol51_2016_3_Art02.pdf														
Vol51_2016_3_Art03	A Lahore Astrolabe of 1587 at Moscow: Enigmas in its Construction	2016	IJHS-51-2016-Issue-3	ijhs/Vol51_2016_3_Art03.pdf														
Vol51_2016_3_Art04	Madras Lunatic Asylum: A Remarkable History in British India	2016	IJHS-51-2016-Issue-3	ijhs/Vol51_2016_3_Art04.pdf														
Vol51_2016_3_Art05	Science, Science Literacy and Communication	2016	IJHS-51-2016-Issue-3	ijhs/Vol51_2016_3_Art05.pdf														
Vol51_2016_3_Art06	Historical Note: On the Visibility of Agastya (Canopus) in India	2016	IJHS-51-2016-Issue-3	ijhs/Vol51_2016_3_Art06.pdf														
Vol51_2016_3_Art07	Historical Note: The Nobel Laureate W.C. Roentgen and His X-Rays	2016	IJHS-51-2016-Issue-3	ijhs/Vol51_2016_3_Art07.pdf														
Vol51_2016_3_Art08	Historical Note: N C Rana: Life and His Contributions in Astrophysical Science	2016	IJHS-51-2016-Issue-3	ijhs/Vol51_2016_3_Art08.pdf														
Vol51_2016_3_Art09	Project Report: Amarakosa – A Biological Assessment	2016	IJHS-51-2016-Issue-3	ijhs/Vol51_2016_3_Art09.pdf														
Vol51_2016_3_Art10	Project Report: A Study on River Channel Modifications of Jorhat District of Assam	2016	IJHS-51-2016-Issue-3	ijhs/Vol51_2016_3_Art10.pdf														
Vol51_2016_3_Art11	Corrections and Additions: Survey of Zijes Written in the Subcontinent	2016	IJHS-51-2016-Issue-3	ijhs/Vol51_2016_3_Art11.pdf														
Vol51_4_2016_Art01	Editorial	2016	IJHS-51-2016-Issue-4	ijhs/Vol51_4_2016_Art01.pdf														
Vol51_4_2016_Art02	Guest Editorial	2016	IJHS-51-2016-Issue-4	ijhs/Vol51_4_2016_Art02.pdf														
Vol51_4_2016_Art03	An Indic Text on Earth Science: Sasanian to Post-Sasanian Period	2016	IJHS-51-2016-Issue-4	ijhs/Vol51_4_2016_Art03.pdf														
Vol51_4_2016_Art04	Throne — Asandi, Pallanka, Simhasana: An Indian Perspective	2016	IJHS-51-2016-Issue-4	ijhs/Vol51_4_2016_Art04.pdf														
Vol51_4_2016_Art05	The Hybrid Creatures in Iranian and Indian Art	2016	IJHS-51-2016-Issue-4	ijhs/Vol51_4_2016_Art05.pdf														
Vol51_4_2016_Art06	Commonalities between Yajna Ritual in India and Yasna Ritual in Iran	2016	IJHS-51-2016-Issue-4	ijhs/Vol51_4_2016_Art06.pdf														
Vol51_4_2016_Art07	Indian High-Tin Bronzes and the Grecian and Persian World	2016	IJHS-51-2016-Issue-4	ijhs/Vol51_4_2016_Art07.pdf														
Vol51_4_2016_Art08	Vetikkampavidhi: A Malayalam Text on Pyrotechny	2016	IJHS-51-2016-Issue-4	ijhs/Vol51_4_2016_Art08.pdf														
Vol51_4_2016_Art09	Central Asia: A Melting Pot of Persian, Greek, Indian and Chinese Cultural Traditions	2016	IJHS-51-2016-Issue-4	ijhs/Vol51_4_2016_Art09.pdf														
Vol51_4_2016_Art10	Taxila – An Alternative Urbanisation Between the Silk Road and the Uttarapatha (the Northern Road)	2016	IJHS-51-2016-Issue-4	ijhs/Vol51_4_2016_Art10.pdf														
Vol51_4_2016_Art11	Buddhism in Khotan and Soghdiana	2016	IJHS-51-2016-Issue-4	ijhs/Vol51_4_2016_Art11.pdf														
Vol51_4_2016_Art12	Krsna Iconography in Khotan Carpets: Spread of Hindu Religious Ideas in Xinjiang, China, Fourth–Seve	2016	IJHS-51-2016-Issue-4	ijhs/Vol51_4_2016_Art12.pdf														
Vol51_4_2016_Art13	The Benaki Collection of Fustat Textiles - Analysis and Provenance	2016	IJHS-51-2016-Issue-4	ijhs/Vol51_4_2016_Art13.pdf														
Vol51_4_2016_Art14	From Balkh to Baghdad: Indian Science and the Birth of the Islamic Golden Age in the Eighth Century	2016	IJHS-51-2016-Issue-4	ijhs/Vol51_4_2016_Art14.pdf														
Vol51_4_2016_Art15	Books Received for Review & Announcements	2016	IJHS-51-2016-Issue-4	ijhs/Vol51_4_2016_Art15.pdf														
Vol51_4_2016_Art16	Cumulative Index	2016	IJHS-51-2016-Issue-4	ijhs/Vol51_4_2016_Art16.pdf														
Vol51_4_2016_Contents	Contents	2016	IJHS-51-2016-Issue-4	ijhs/Vol51_4_2016_Contents.pdf														
Vol52_1_2017_Art00	Contents	2017	IJHS-52-2017-Issue-1	ijhs/Vol52_1_2017_Art00.pdf														
Vol52_1_2017_Art01	Some Features of the Solutions of Kuttaka and Vargaprakrti	2017	IJHS-52-2017-Issue-1	ijhs/Vol52_1_2017_Art01.pdf														
Vol52_1_2017_Art02	Ideas of Infinitesimal of Bhaskaracarya in Lilavati and Siddhantasiromani	2017	IJHS-52-2017-Issue-1	ijhs/Vol52_1_2017_Art02.pdf														
Vol52_1_2017_Art03	The Hospital transcends into Hospital Medicine: A Brief Journey through Ancient,  Medieval and Colonial India	2017	IJHS-52-2017-Issue-1	ijhs/Vol52_1_2017_Art03.pdf														
Vol52_1_2017_Art04	Amoebic Dysentery and Introduction of Emetine Source Carapichea ipecacacuanha into Indian Subcontinent	2017	IJHS-52-2017-Issue-1	ijhs/Vol52_1_2017_Art04.pdf														
Vol52_1_2017_Art05	Discovery of X-rays and its Impact in India	2017	IJHS-52-2017-Issue-1	ijhs/Vol52_1_2017_Art05.pdf														
Vol52_1_2017_Art06	Historical Note: Ashutosh Mukherjee’s Contribution on Nineteenth Century Modern Mathematics: A Bird’s Eye View	2017	IJHS-52-2017-Issue-1	ijhs/Vol52_1_2017_Art06.pdf														
Vol52_1_2017_Art07	Historical Note: G N Ramachandran: A Nobel Prize Nominee and Nominator	2017	IJHS-52-2017-Issue-1	ijhs/Vol52_1_2017_Art07.pdf														
Vol52_1_2017_Art08	Historical Note: Udoy Chand Dutt: Prominent Indian Materia Medica Promoters	2017	IJHS-52-2017-Issue-1	ijhs/Vol52_1_2017_Art08.pdf														
Vol52_1_2017_Art09	Historical Note: Scientific Explorations and Commercial Sales of the Straw Mushroom  Volvariella volvacea (Bull.) Singer in Republican China:  A Brief Review	2017	IJHS-52-2017-Issue-1	ijhs/Vol52_1_2017_Art09.pdf														
Vol52_1_2017_Art10	Book Review: Rao, A B Padmanabha (trans. and ed.) Bhaskaracarya&#8217;s Lilavati Part I &amp; II	2017	IJHS-52-2017-Issue-1	ijhs/Vol52_1_2017_Art10.pdf														
Vol52_1_2017_Art11	Project Report: History of Neurodegenerative Diseases and its impact on Aged Population in India: An Assessment	2017	IJHS-52-2017-Issue-1	ijhs/Vol52_1_2017_Art11.pdf														
Vol52_2_2017__Art01	Angular Diameters (bimba) of the Sun, Moon and Earth’s Shadow-cone in Indian Astronomy: A Comparative Study	2017	IJHS-52-2017-Issue-2	ijhs/Vol52_2_2017__Art01.pdf														
Vol52_2_2017__Art02	Novel Proofs for Summations in the Nisrstarthaduti	2017	IJHS-52-2017-Issue-2	ijhs/Vol52_2_2017__Art02.pdf														
Vol52_2_2017__Art03	Sundial for Time–keeping in Jaisalmer Fort	2017	IJHS-52-2017-Issue-2	ijhs/Vol52_2_2017__Art03.pdf														
Vol52_2_2017__Art04	Edward Blyth and the Asiatic Society	2017	IJHS-52-2017-Issue-2	ijhs/Vol52_2_2017__Art04.pdf														
Vol52_2_2017__Art05	Central Weaving Institute, Banaras: A Cultural Encounter between the Native and the Modern Form of Instructional Practices	2017	IJHS-52-2017-Issue-2	ijhs/Vol52_2_2017__Art05.pdf														
Vol52_2_2017__Art06	The History of Colonial Science and Medicine in British India: Centre-Periphery Perspective	2017	IJHS-52-2017-Issue-2	ijhs/Vol52_2_2017__Art06.pdf														
Vol52_2_2017__Art07	Historical Note:Cause of Sunrise, Sunset from Jnanesvari and its comparison to Aryabhatiya	2017	IJHS-52-2017-Issue-2	ijhs/Vol52_2_2017__Art07.pdf														
Vol52_2_2017__Art08	Historical Note: Allusions of Rasayanasastra in Telugu Literature	2017	IJHS-52-2017-Issue-2	ijhs/Vol52_2_2017__Art08.pdf														
Vol52_2_2017__Art09	Historical Note: General Scientific Societies in British India	2017	IJHS-52-2017-Issue-2	ijhs/Vol52_2_2017__Art09.pdf														
Vol52_2_2017__Art10	Historical Note: Syamadas Mukhopadhyay (1866-1937): A Reputed Geometrician of India	2017	IJHS-52-2017-Issue-2	ijhs/Vol52_2_2017__Art10.pdf														
Vol52_2_2017__Art11	Project Report: History of High Tin Bronze and Brass of Eastern India	2017	IJHS-52-2017-Issue-2	ijhs/Vol52_2_2017__Art11.pdf														
Vol52_2_2017__Art12	Book Review: Gauhar Raza, R Gopichandran, Gurdeep S Sappal and TV Venkateswaran (editors) : Moments of Eureka- Life & Works of Selected Indian Scientists	2017	IJHS-52-2017-Issue-2	ijhs/Vol52_2_2017__Art12.pdf														
Vol52_2_2017__Art13	Book Review: B S Shylaja and V S S Sastry : Jantar Mantar Observatories of Jai Singh	2017	IJHS-52-2017-Issue-2	ijhs/Vol52_2_2017__Art13.pdf														
Vol52_2_2017__Contents	Contents	2017	IJHS-52-2017-Issue-2	ijhs/Vol52_2_2017__Contents.pdf														
Vol52_3_2017__Art01	Identification of Mosquitoes, Nature of Diseases and Treatment in Early Sanskrit Literature	2017	IJHS-52-2017-Issue-3	ijhs/Vol52_3_2017__Art01.pdf														
Vol52_3_2017__Art02	Importance of Plants as depicted in Puranas	2017	IJHS-52-2017-Issue-3	ijhs/Vol52_3_2017__Art02.pdf														
Vol52_3_2017__Art03	Strivilasa – An Ayurvedic Manuscript on Cosmetic Procedures of Females, Aphrodisiacs, Diseases and M	2017	IJHS-52-2017-Issue-3	ijhs/Vol52_3_2017__Art03.pdf														
Vol52_3_2017__Art04	Western Medicine in French Pondichery (1690–1954)	2017	IJHS-52-2017-Issue-3	ijhs/Vol52_3_2017__Art04.pdf														
Vol52_3_2017__Art05	Institutionalization of Nursing as Profession in the Early Twentieth Century Bengal	2017	IJHS-52-2017-Issue-3	ijhs/Vol52_3_2017__Art05.pdf														
Vol52_3_2017__Art06	Historical Notes: The Jaina School of Indian Mathematics	2017	IJHS-52-2017-Issue-3	ijhs/Vol52_3_2017__Art06.pdf														
Vol52_3_2017__Art07	Historical Notes: Mango in Ancient Indian Sculptures and during Akbar Period	2017	IJHS-52-2017-Issue-3	ijhs/Vol52_3_2017__Art07.pdf														
Vol52_3_2017__Art08	Historical Note: Why and When were the Vijayanagara Walls Built? .....	2017	IJHS-52-2017-Issue-3	ijhs/Vol52_3_2017__Art08.pdf														
Vol52_3_2017__Art09	Historical Note: B B Ray and Controversy over the Spectral Raman-lines	2017	IJHS-52-2017-Issue-3	ijhs/Vol52_3_2017__Art09.pdf														
Vol52_3_2017__Art10	Book Review: Scientifically Yours	2017	IJHS-52-2017-Issue-3	ijhs/Vol52_3_2017__Art10.pdf														
Vol52_3_2017__Art11	Book Review: Tracks of Change: Railways and Everyday Life in Colonial India	2017	IJHS-52-2017-Issue-3	ijhs/Vol52_3_2017__Art11.pdf														
Vol52_3_2017__Art12	Project Report: History of Science Museums and Planetariums in India	2017	IJHS-52-2017-Issue-3	ijhs/Vol52_3_2017__Art12.pdf														
Vol52_4_2017__Art01	Date of Mahābhārata War Based on Astronomical References—A Reassessment	2017	IJHS-52-2017-Issue-4	ijhs/Vol52_4_2017__Art01.pdf														
Vol52_4_2017__Art02	Aryabhata-II and his Concept of Concave Quadrilateral	2017	IJHS-52-2017-Issue-4	ijhs/Vol52_4_2017__Art02.pdf														
Vol52_4_2017__Art03	Sisir Kumar Mitra, Scientific Achievements and the Fellowship of the Royal Society of London	2017	IJHS-52-2017-Issue-4	ijhs/Vol52_4_2017__Art03.pdf														
Vol52_4_2017__Art04	History of the Scientific Study of the Tibeto-Burman Languages of North-East India	2017	IJHS-52-2017-Issue-4	ijhs/Vol52_4_2017__Art04.pdf														
Vol52_4_2017__Art05	Historical Notes: Some Thoughts on Hindu Medicine —An Address by Kaviraj Mahamahopadhyaya Gananath..	2017	IJHS-52-2017-Issue-4	ijhs/Vol52_4_2017__Art05.pdf														
Vol52_4_2017__Art06	Historical Notes: Science Education and Science Writing in Hindi in the North West Provinces...	2017	IJHS-52-2017-Issue-4	ijhs/Vol52_4_2017__Art06.pdf														
Vol52_4_2017__Art07	Book Review: Bengal Water Craft: Boat-Building and Fishing Communities by Lotika Varadarajan	2017	IJHS-52-2017-Issue-4	ijhs/Vol52_4_2017__Art07.pdf														
Vol52_4_2017__Art08	Book Review: India’s Nobel Prize: Nominators and Nominees, by Rajinder Singh	2017	IJHS-52-2017-Issue-4	ijhs/Vol52_4_2017__Art08.pdf														
Vol52_4_2017__Art09	Book Review: Inside Story of Nobel Peace Prize: Indian Contestants by Rajinder Singh	2017	IJHS-52-2017-Issue-4	ijhs/Vol52_4_2017__Art09.pdf														
Vol52_4_2017__Art10	Project Report: History of Technology Adoption and Development: The Case of Silk Industry....	2017	IJHS-52-2017-Issue-4	ijhs/Vol52_4_2017__Art10.pdf														
Vol52_4_2017__Art11	Obituary: Lotika Varadarajan (1934-2017)	2017	IJHS-52-2017-Issue-4	ijhs/Vol52_4_2017__Art11.pdf														
Vol52_4_2017__Art12	News: The 25th International Congress of History of Science and Technology...	2017	IJHS-52-2017-Issue-4	ijhs/Vol52_4_2017__Art12.pdf														
Vol52_4_2017__Art13	Ganitapancavimsi — Sanskrit Text with Introduction, English Translation and Notes	2017	IJHS-52-2017-Issue-4	ijhs/Vol52_4_2017__Art13.pdf														
Vol53_1_2018__Art01	Madhava’s Multi-pronged Approach for Obtaining the Praṇakalantara	2018	IJHS-53-2018-Issue-1	ijhs/Vol53_1_2018__Art01.pdf														
Vol53_1_2018__Art02	Ahargana in Makarandasarini and Other Indian Astronomical Texts	2018	IJHS-53-2018-Issue-1	ijhs/Vol53_1_2018__Art02.pdf														
Vol53_1_2018__Art03	Medical Education on the Colonial Periphery: A Study of Medical Institutions in Patna and Dacca	2018	IJHS-53-2018-Issue-1	ijhs/Vol53_1_2018__Art03.pdf														
Vol53_1_2018__Art04	Celebrating the 90th Anniversary of the Raman Effect	2018	IJHS-53-2018-Issue-1	ijhs/Vol53_1_2018__Art04.pdf														
Vol53_1_2018__Art05	Indian Arthropods in Early Sanskrit Literature: A Taxonomical Analysis	2018	IJHS-53-2018-Issue-1	ijhs/Vol53_1_2018__Art05.pdf														
Vol53_1_2018__Art06	A Small History of Bedbugs in India	2018	IJHS-53-2018-Issue-1	ijhs/Vol53_1_2018__Art06.pdf														
Vol53_1_2018__Art07	History of Development of Homoeopathy in India	2018	IJHS-53-2018-Issue-1	ijhs/Vol53_1_2018__Art07.pdf														
Vol53_1_2018__Art08	First Fifty Years (1900-1950) of Physiology in India	2018	IJHS-53-2018-Issue-1	ijhs/Vol53_1_2018__Art08.pdf														
Vol53_1_2018__Art09	Correspondence: Date of Mahabharata War Based on Astronomical References: A K Bhatnagar	2018	IJHS-53-2018-Issue-1	ijhs/Vol53_1_2018__Art09.pdf														
Vol53_1_2018__Art10	Book Review: Ayurvedic Inheritance — A Reader’s Companion by M S Valiathan	2018	IJHS-53-2018-Issue-1	ijhs/Vol53_1_2018__Art10.pdf														
Vol53_1_2018__Art11	Book Review: Technology of the Tribes of Northeast India by Amrendra Kumar Thakur	2018	IJHS-53-2018-Issue-1	ijhs/Vol53_1_2018__Art11.pdf														
Vol53_1_2018__Art12	Project Report: Medicine and British Empire in South India: A Study of Psychiatry and Mental Asylums	2018	IJHS-53-2018-Issue-1	ijhs/Vol53_1_2018__Art12.pdf														
Vol53_1_2018__Contents	Contents	2018	IJHS-53-2018-Issue-1	ijhs/Vol53_1_2018__Contents.pdf														
Vol53_2_2018__Art01	Concept of Sruti, Svara and Raga of Classical Music in Sanskrit Texts	2018	IJHS-53-2018-Issue-2	ijhs/Vol53_2_2018__Art01.pdf														
Vol53_2_2018__Art02	Brass, Zinc and the Beginning of Chemical Industry	2018	IJHS-53-2018-Issue-2	ijhs/Vol53_2_2018__Art02.pdf														
Vol53_2_2018__Art03	Indigenous and Western Medicines in Colonial South India: Nature of Discourses and Impact	2018	IJHS-53-2018-Issue-2	ijhs/Vol53_2_2018__Art03.pdf														
Vol53_2_2018__Art04	Punjab Agricultural College and Research Institute, Lyallpur (1906-1947): Generating Knowledge for..	2018	IJHS-53-2018-Issue-2	ijhs/Vol53_2_2018__Art04.pdf														
Vol53_2_2018__Art05	Historical Note: History of  Yavaka from Ethno-pharmacological Perspective	2018	IJHS-53-2018-Issue-2	ijhs/Vol53_2_2018__Art05.pdf														
Vol53_2_2018__Art06	Historical Note: The Incredible Survival of Stone Wheel Manufacture in South India	2018	IJHS-53-2018-Issue-2	ijhs/Vol53_2_2018__Art06.pdf														
Vol53_2_2018__Art07	Correspondence: A Physics Museum in BHU in 1942	2018	IJHS-53-2018-Issue-2	ijhs/Vol53_2_2018__Art07.pdf														
Vol53_2_2018__Art08	Book Reviews: Vedic Mathematics mattu Vedagalalli Vijnana by S Balachandra Rao	2018	IJHS-53-2018-Issue-2	ijhs/Vol53_2_2018__Art08.pdf														
Vol53_2_2018__Art09	Book Reviews: Plants of Kedarnath Wildlife Sanctuary, Western Himalaya: A Field Guide by ...	2018	IJHS-53-2018-Issue-2	ijhs/Vol53_2_2018__Art09.pdf														
Vol53_2_2018__Art10	Book Reviews: A Brief History of Science by  Breakthrough Science Society, Kolkata	2018	IJHS-53-2018-Issue-2	ijhs/Vol53_2_2018__Art10.pdf														
Vol53_2_2018__Art11	News: Workshop on Importance of Eclipses in the History of Astronomy	2018	IJHS-53-2018-Issue-2	ijhs/Vol53_2_2018__Art11.pdf														
Vol53_2_2018__Contents	Contents	2018	IJHS-53-2018-Issue-2	ijhs/Vol53_2_2018__Contents.pdf														
Vol53_3_2018__Art01	Harappan Shell Industry: An Overview	2018	IJHS-53-2018-Issue-3	ijhs/Vol53_3_2018__Art01.pdf														
Vol53_3_2018__Art02	Indus Ceramic Industries: Complexities, Challenges and Prospects	2018	IJHS-53-2018-Issue-3	ijhs/Vol53_3_2018__Art02.pdf														
Vol53_3_2018__Art03	Copper Vessels in the Indus Valley Civilization: A Case Study in the Light of Harinagar Hoard	2018	IJHS-53-2018-Issue-3	ijhs/Vol53_3_2018__Art03.pdf														
Vol53_3_2018__Art04	Metals and Metallurgy in the Harappan Civilization	2018	IJHS-53-2018-Issue-3	ijhs/Vol53_3_2018__Art04.pdf														
Vol53_3_2018__Art05	Indigo — The Crop that Created History and then Itself Became History	2018	IJHS-53-2018-Issue-3	ijhs/Vol53_3_2018__Art05.pdf														
Vol53_3_2018__Art06	Determination of Ascensional Difference in the Lagnaprakarana	2018	IJHS-53-2018-Issue-3	ijhs/Vol53_3_2018__Art06.pdf														
Vol53_3_2018__Art07	Historical Note: The Origin of the 28 Naksatras in Early Indian Astronomy and Astrology	2018	IJHS-53-2018-Issue-3	ijhs/Vol53_3_2018__Art07.pdf														
Vol53_3_2018__Art08	Historical Note:Reactions of Emperor Bahadur Shah Zafar and Laureate Mirza Ghalib to the Celestial..	2018	IJHS-53-2018-Issue-3	ijhs/Vol53_3_2018__Art08.pdf														
Vol53_3_2018__Art09	Historical Note: Philippe Barbier and His Knowledge of Plants and Inorganic Principles in the...	2018	IJHS-53-2018-Issue-3	ijhs/Vol53_3_2018__Art09.pdf														
Vol53_3_2018__Art10	Historical Note: Bibha Chowdhuri – Her Cosmic Ray Studies in Manchester	2018	IJHS-53-2018-Issue-3	ijhs/Vol53_3_2018__Art10.pdf														
Vol53_3_2018__Art11	Book Review: The Continuation of Ancient Mathematics: Wang Xiatong’s Jigu suanjing, Algebra and...	2018	IJHS-53-2018-Issue-3	ijhs/Vol53_3_2018__Art11.pdf														
Vol53_3_2018__Art12	Book Review: CV Raman’s Laboratory and Discovery of the Raman Effect	2018	IJHS-53-2018-Issue-3	ijhs/Vol53_3_2018__Art12.pdf														
Vol53_3_2018__Art13	Project Report: The State of Ayurveda in Colonial Bengal	2018	IJHS-53-2018-Issue-3	ijhs/Vol53_3_2018__Art13.pdf														
Vol53_4_2018-Cumulativeindex	Cumulative Index	2018	IJHS-53-2018-Issue-4	ijhs/Vol53_4_2018-Cumulativeindex.pdf														
Vol53_4_2018-Index	Index	2018	IJHS-53-2018-Issue-4	ijhs/Vol53_4_2018-Index.pdf														
Vol53_4_2018__Art01	Editorial: Indo-European Encounter and Features of Modern Science in Pre-Colonial & Colonial India	2018	IJHS-53-2018-Issue-4	ijhs/Vol53_4_2018__Art01.pdf														
Vol53_4_2018__Art02	Guest Editorial: Emergence of Modern Science in Colonial India	2018	IJHS-53-2018-Issue-4	ijhs/Vol53_4_2018__Art02.pdf														
Vol53_4_2018__Art03	Science Institutions in Colonial India: Some Snippets, Some Lessons	2018	IJHS-53-2018-Issue-4	ijhs/Vol53_4_2018__Art03.pdf														
Vol53_4_2018__Art04	Indo-Persian and Urdu Speaking Elites’ Discourses on the Modern European Science	2018	IJHS-53-2018-Issue-4	ijhs/Vol53_4_2018__Art04.pdf														
Vol53_4_2018__Art05	Two Early Pillars of Modern Scientific Education in India: The Meaning and Relevance of the...	2018	IJHS-53-2018-Issue-4	ijhs/Vol53_4_2018__Art05.pdf														
Vol53_4_2018__Art06	Curzon’s Role in the Development of Technical and University Education in India	2018	IJHS-53-2018-Issue-4	ijhs/Vol53_4_2018__Art06.pdf														
Vol53_4_2018__Art07	Shanti Swarup Bhatnagar, Working through/against the Colonial System	2018	IJHS-53-2018-Issue-4	ijhs/Vol53_4_2018__Art07.pdf														
Vol53_4_2018__Art08	Judging Scientific Creativity: The Case of the Early Jagadis Bose	2018	IJHS-53-2018-Issue-4	ijhs/Vol53_4_2018__Art08.pdf														
Vol53_4_2018__Art09	How Costly was Raman’s Equipment for the Discovery of Raman Effect?	2018	IJHS-53-2018-Issue-4	ijhs/Vol53_4_2018__Art09.pdf														
Vol53_4_2018__Art10	K S Krishnan as Co-discoverer of Raman Effect and as Independent Scientist	2018	IJHS-53-2018-Issue-4	ijhs/Vol53_4_2018__Art10.pdf														
Vol53_4_2018__Art11	From Atoms to Stars: Meghnad Saha (1893-1956)	2018	IJHS-53-2018-Issue-4	ijhs/Vol53_4_2018__Art11.pdf														
Vol53_4_2018__Art12	Going Beyond the Big Three of Calcutta Physicists: B B Ray, D M Bose and S K Mitra	2018	IJHS-53-2018-Issue-4	ijhs/Vol53_4_2018__Art12.pdf														
Vol53_4_2018__Art13	Reflecting on Chemical Education: Nilratan Dhar and the Legacy of P C Ray	2018	IJHS-53-2018-Issue-4	ijhs/Vol53_4_2018__Art13.pdf														
Vol53_4_2018__Art14	Shaping the Chemical Industry and Saving the Cotton Industry: Role of Sir P C Ray, a Visionary	2018	IJHS-53-2018-Issue-4	ijhs/Vol53_4_2018__Art14.pdf														
Vol53_4_2018__Art15	Organic Chemists of Pre-Independence India: With Special Focus on Natural Products	2018	IJHS-53-2018-Issue-4	ijhs/Vol53_4_2018__Art15.pdf														
Vol53_4_2018__Art16	Ronald Ross to U N Brahmachari: Medical Research in Colonial India	2018	IJHS-53-2018-Issue-4	ijhs/Vol53_4_2018__Art16.pdf														
Vol53_4_2018__Art17	History of X-ray Research in Colonial India	2018	IJHS-53-2018-Issue-4	ijhs/Vol53_4_2018__Art17.pdf														
Vol53_4_2018__Art18	Colonial Encounter on Indian Snakes and their Venoms: The Transmission and Transformation...	2018	IJHS-53-2018-Issue-4	ijhs/Vol53_4_2018__Art18.pdf														
Vol53_4_2018__Art19	Butto Krishna Paul & Co – An Enterprise for Localization of Foreign Medicines in Colonial Calcutta	2018	IJHS-53-2018-Issue-4	ijhs/Vol53_4_2018__Art19.pdf														
Vol53_4_2018__Art20	Institutionalization of Leprosy Researches in Calcutta School of Tropical Medicine (CSTM) and...	2018	IJHS-53-2018-Issue-4	ijhs/Vol53_4_2018__Art20.pdf														
Vol53_4_2018__Art21	Institutionalizing of Veterinary Science in Colonial India	2018	IJHS-53-2018-Issue-4	ijhs/Vol53_4_2018__Art21.pdf														
Vol53_4_2018__Art22	Birbal Sahni and His Father Ruchi Ram: Science in Punjab Emerging from the Shadows of the Raj	2018	IJHS-53-2018-Issue-4	ijhs/Vol53_4_2018__Art22.pdf														
Vol53_4_2018__Art23	Transnational History of Imperial Council of Agricultural Research, 1929–1947	2018	IJHS-53-2018-Issue-4	ijhs/Vol53_4_2018__Art23.pdf														
Vol53_4_2018__Art24	Environmental Science in India during First half of 20th Century	2018	IJHS-53-2018-Issue-4	ijhs/Vol53_4_2018__Art24.pdf														
Vol53_4_2018__Art25	The Beginnings of Modern Astronomy Research in British India: Pogson and Evershed	2018	IJHS-53-2018-Issue-4	ijhs/Vol53_4_2018__Art25.pdf														
Vol53_4_2018__Art26	The Forgotten Indian Pioneers of Fingerprint Science: Fallout of Colonialism	2018	IJHS-53-2018-Issue-4	ijhs/Vol53_4_2018__Art26.pdf														
Vol53_4_2018__Art27	Prasanta Chandra Mahalanobis and the Beginning of the Indian Statistical Institute	2018	IJHS-53-2018-Issue-4	ijhs/Vol53_4_2018__Art27.pdf														
Vol53_4_2018__Art28	Girindrasekhar Bose and the History of Psychoanalysis in India	2018	IJHS-53-2018-Issue-4	ijhs/Vol53_4_2018__Art28.pdf														
Vol53_4_2018__Art29	The Emergence of Engineering as a Profession in Modern India	2018	IJHS-53-2018-Issue-4	ijhs/Vol53_4_2018__Art29.pdf														
Vol53_4_2018__Art30	Electrification of Colonial Calcutta: A Social Perspective	2018	IJHS-53-2018-Issue-4	ijhs/Vol53_4_2018__Art30.pdf														
Vol53_4_2018__Art31	Role of Indian Science Congress Association, 1914-1947	2018	IJHS-53-2018-Issue-4	ijhs/Vol53_4_2018__Art31.pdf														
Vol53_4_2018__Art32	FRS Election as a Recognition for Scientists of Colonial India	2018	IJHS-53-2018-Issue-4	ijhs/Vol53_4_2018__Art32.pdf														
Vol53_4_2018__Books	Books Received (2018) & Announcement	2018	IJHS-53-2018-Issue-4	ijhs/Vol53_4_2018__Books.pdf														
Vol53_4_2018__Contents	Contents	2018	IJHS-53-2018-Issue-4	ijhs/Vol53_4_2018__Contents.pdf														
Vol54_1_2019__Art01	Determination of Kalalagna in the Lagnaprakarana	2019	IJHS-54-2019-Issue-1	ijhs/Vol54_1_2019__Art01.pdf														
Vol54_1_2019__Art02	A Painless Surgery Joseph Johnstone Performed on a Mesmerized Patient in Madras in 1847	2019	IJHS-54-2019-Issue-1	ijhs/Vol54_1_2019__Art02.pdf														
Vol54_1_2019__Art03	Glycolic Ferment: The Work of Victor Barral and Raphaël Lépine	2019	IJHS-54-2019-Issue-1	ijhs/Vol54_1_2019__Art03.pdf														
Vol54_1_2019__Art04	U N Brahmachari: Scientific Achievements and Nomination for the Nobel Prize and the Fellowship of...	2019	IJHS-54-2019-Issue-1	ijhs/Vol54_1_2019__Art04.pdf														
Vol54_1_2019__Art05	The Relationship between Science and Technology and Evolution in Methods of Knowledge Production	2019	IJHS-54-2019-Issue-1	ijhs/Vol54_1_2019__Art05.pdf														
Vol54_1_2019__Art06	A Brief History of Linguistic Science with special reference to the Bodo, Garo and Kokborok...	2019	IJHS-54-2019-Issue-1	ijhs/Vol54_1_2019__Art06.pdf														
Vol54_1_2019__Art07	Historical Note: Ganeśa Daivajña on Multiplication Tables	2019	IJHS-54-2019-Issue-1	ijhs/Vol54_1_2019__Art07.pdf														
Vol54_1_2019__Art08	Historical Note: Dr. Radhikaram Dhekial Phookan: A Chemist from Assam	2019	IJHS-54-2019-Issue-1	ijhs/Vol54_1_2019__Art08.pdf														
Vol54_1_2019__Art09	Correspondence: On an Alternative Interpretation for the Application of Cara	2019	IJHS-54-2019-Issue-1	ijhs/Vol54_1_2019__Art09.pdf														
Vol54_1_2019__Art10	Correspondence: Early Doctorates Conferred by Indian Universities	2019	IJHS-54-2019-Issue-1	ijhs/Vol54_1_2019__Art10.pdf														
Vol54_1_2019__Art11	Book Review: Asutosh Mukhopadhyay: Mathematical Genius with the Magic Wand by Satyabachi Sar	2019	IJHS-54-2019-Issue-1	ijhs/Vol54_1_2019__Art11.pdf														
Vol54_1_2019__Art12	Book Review: Nature’s Third Cycle: A Story of Sunspots by Arnab Rai Choudhuri	2019	IJHS-54-2019-Issue-1	ijhs/Vol54_1_2019__Art12.pdf														
Vol54_1_2019__Art13	Editing Karaābharaa: A commentary on Karanaprakāśa by Śankaranārāyana Joyisa	2019	IJHS-54-2019-Issue-1	ijhs/Vol54_1_2019__Art13.pdf														
Vol54_1_2019__Art14	Environmental and Ecological Change: Gleanings from Copperplate Inscriptions of Early Bengal	2019	IJHS-54-2019-Issue-1	ijhs/Vol54_1_2019__Art14.pdf														
Vol54_1_2019__Contents	Contents	2019	IJHS-54-2019-Issue-1	ijhs/Vol54_1_2019__Contents.pdf														
Vol54_2_2019__Art01	Structure of Indus Script	2019	IJHS-54-2019-Issue-2	ijhs/Vol54_2_2019__Art01.pdf														
Vol54_2_2019__Art02	Taxila Mirrors Preserved in India and Technology Transfer	2019	IJHS-54-2019-Issue-2	ijhs/Vol54_2_2019__Art02.pdf														
Vol54_2_2019__Art03	An Investigation into Ancient Greco-Indian Medical Exchanges: Sostratus vs Susruta	2019	IJHS-54-2019-Issue-2	ijhs/Vol54_2_2019__Art03.pdf														
Vol54_2_2019__Art04	Gustave-Clement Fleury’s Work on Plant Growth and Vegetable Principles in the Nineteenth Century	2019	IJHS-54-2019-Issue-2	ijhs/Vol54_2_2019__Art04.pdf														
Vol54_2_2019__Art05	Jagdish Chandra Bose and Plant Neurobiology: Part I	2019	IJHS-54-2019-Issue-2	ijhs/Vol54_2_2019__Art05.pdf														
Vol54_2_2019__Art06	Forensic Science and Scientific Measures of Criminal Identification in British India	2019	IJHS-54-2019-Issue-2	ijhs/Vol54_2_2019__Art06.pdf														
Vol54_2_2019__Art07	Historical Note: The Trend of Research on Number Theory in Bengal and Bihar during the 20th Century	2019	IJHS-54-2019-Issue-2	ijhs/Vol54_2_2019__Art07.pdf														
Vol54_2_2019__Art08	Historical Note: Metric Estimate of the Volume Measure used in the Madras Region at the Dawn of...	2019	IJHS-54-2019-Issue-2	ijhs/Vol54_2_2019__Art08.pdf														
Vol54_2_2019__Art09	Historical Note: Scientific Activities of Fr. Alphonso De Penaranda: A Jesuit Priest in the late...	2019	IJHS-54-2019-Issue-2	ijhs/Vol54_2_2019__Art09.pdf														
Vol54_2_2019__Art10	Correspondence: On an Alternative Interpretation for the Application of Cara: A Response	2019	IJHS-54-2019-Issue-2	ijhs/Vol54_2_2019__Art10.pdf														
Vol54_2_2019__Art11	Book Review: Narada Silpasastra: Sanskrit Text on Architectural Civil Engineering	2019	IJHS-54-2019-Issue-2	ijhs/Vol54_2_2019__Art11.pdf														
Vol54_2_2019__Art12	Book Review: Story of a Steel Bridge: The Howrah Bridge –A Testimony of Indo British Co-operation...	2019	IJHS-54-2019-Issue-2	ijhs/Vol54_2_2019__Art12.pdf														
Vol54_2_2019__Art13	Project Report: Plant Biology of Yajurveda	2019	IJHS-54-2019-Issue-2	ijhs/Vol54_2_2019__Art13.pdf														
Vol54_2_2019__Art14	Project Report: Suryaprakasa of Suryadasa — Critical Edition, Eng. Tr. and Explanatory Notes for...	2019	IJHS-54-2019-Issue-2	ijhs/Vol54_2_2019__Art14.pdf														
Vol54_2_2019__Contents	Contents	2019	IJHS-54-2019-Issue-2	ijhs/Vol54_2_2019__Contents.pdf														
Vol54_3_2019__Art01	The Untapped Wealth of Manuscripts on Indian Astronomy and Mathematics	2019	IJHS-54-2019-Issue-3	ijhs/Vol54_3_2019__Art01.pdf														
Vol54_3_2019__Art02	On the Persian Translation of Bhāskara’s Līlāvatī by Abu’l Faiẓ Faiẓī at the Court of Akbar	2019	IJHS-54-2019-Issue-3	ijhs/Vol54_3_2019__Art02.pdf														
Vol54_3_2019__Art03	Sidereal Ecliptic Coordinate System of Sūryasiddhānta	2019	IJHS-54-2019-Issue-3	ijhs/Vol54_3_2019__Art03.pdf														
Vol54_3_2019__Art04	Precise Determination of the Ascendant in the Lagnaprakaraṇa - I	2019	IJHS-54-2019-Issue-3	ijhs/Vol54_3_2019__Art04.pdf														
Vol54_3_2019__Art05	Epigastric-heteropagus Twins Recorded in Madras Presidency in 1789	2019	IJHS-54-2019-Issue-3	ijhs/Vol54_3_2019__Art05.pdf														
Vol54_3_2019__Art06	Sukumar Chandra Sirkar and the Department of Optics at the IACS	2019	IJHS-54-2019-Issue-3	ijhs/Vol54_3_2019__Art06.pdf														
Vol54_3_2019__Art07	Agricultural Sciences in India and Struggle against Famine, Hunger and Malnutrition	2019	IJHS-54-2019-Issue-3	ijhs/Vol54_3_2019__Art07.pdf														
Vol54_3_2019__Art08	Historical Note: Characterization of Pigments and Binders in Mural Painting Fragments from...	2019	IJHS-54-2019-Issue-3	ijhs/Vol54_3_2019__Art08.pdf														
Vol54_3_2019__Art10	Historical Note: The Sacred Road: A Contribution to the History of Ramesvaram Pilgrimages	2019	IJHS-54-2019-Issue-3	ijhs/Vol54_3_2019__Art10.pdf														
Vol54_3_2019__Art11	Historical Note: Hardinge Professorship of Higher Mathematics at Calcutta University	2019	IJHS-54-2019-Issue-3	ijhs/Vol54_3_2019__Art11.pdf														
Vol54_3_2019__Art12	Book Review: Early Indian Metallurgy: The Production of Lead, Silver and Zinc through Three...	2019	IJHS-54-2019-Issue-3	ijhs/Vol54_3_2019__Art12.pdf														
Vol54_3_2019__Art13	Project Report: Practice of Folk Medicine by Rajbanshis of Sub-Himalayan Bengal: A Study in...	2019	IJHS-54-2019-Issue-3	ijhs/Vol54_3_2019__Art13.pdf														
Vol54_3_2019__Art14	Obituary: B. V. Subbarayappa: A Writer, Administrator and Veteran Historian of Science	2019	IJHS-54-2019-Issue-3	ijhs/Vol54_3_2019__Art14.pdf														
Vol54_4_2019__Art01	Guáman Poma’s Yupana and Inca Astronomy	2019	IJHS-54-2019-Issue-4	ijhs/Vol54_4_2019__Art01.pdf														
Vol54_4_2019__Art02	On the Computation of Daily-motion in Ancient Indian Astronomy	2019	IJHS-54-2019-Issue-4	ijhs/Vol54_4_2019__Art02.pdf														
Vol54_4_2019__Art03	Kuṣṭha, Saussurea costus (Saussurea lappa): Its Unexplored History from the Atharvaveda	2019	IJHS-54-2019-Issue-4	ijhs/Vol54_4_2019__Art03.pdf														
Vol54_4_2019__Art04	Cholera, Commerce and Quarantine: Interrogating the Science of Empire in Nineteenth Century India	2019	IJHS-54-2019-Issue-4	ijhs/Vol54_4_2019__Art04.pdf														
Vol54_4_2019__Art05	Dr. Koman’s Report and Responses of Native Physicians: A Discourse on Indigenous Systems of Medicine	2019	IJHS-54-2019-Issue-4	ijhs/Vol54_4_2019__Art05.pdf														
Vol54_4_2019__Art06	Translating Nature: Changes in the Perception and Utilization of Science in the Halle Mission in...	2019	IJHS-54-2019-Issue-4	ijhs/Vol54_4_2019__Art06.pdf														
Vol54_4_2019__Art08	Historical Note: C. V. Raman and Kolkata Media	2019	IJHS-54-2019-Issue-4	ijhs/Vol54_4_2019__Art08.pdf														
Vol54_4_2019__Art09	Project Report: A Study on the Salt Production of Ancient Assam	2019	IJHS-54-2019-Issue-4	ijhs/Vol54_4_2019__Art09.pdf														
Vol55_1_2020__Art01	Precise Determination of the Ascendant in Lagnaprakarana – II	2020	IJHS-55-2020-Issue-1	ijhs/Vol55_1_2020__Art01.pdf														
Vol55_1_2020__Art02	Marble-like chûnnam in the 18th- and 19th-century Madras Presidency	2020	IJHS-55-2020-Issue-1	ijhs/Vol55_1_2020__Art02.pdf														
Vol55_1_2020__Art03	Retrograde motion as described in Brahmatulyaudāharaṇam of Viśvanātha	2020	IJHS-55-2020-Issue-1	ijhs/Vol55_1_2020__Art03.pdf														
Vol55_1_2020__Art04	An Alternative History of Technology in South Asia: The Unknown Viśvakarmās of Colonial Bengal	2020	IJHS-55-2020-Issue-1	ijhs/Vol55_1_2020__Art04.pdf														
Vol55_1_2020__Art05	Political Ecology of Cholera: Orissa and Colonial Sanitary Discourse	2020	IJHS-55-2020-Issue-1	ijhs/Vol55_1_2020__Art05.pdf														
Vol55_1_2020__Art06	Historical Note: Sir C. V. Raman Nobel Ceremony Coverage by the European Press	2020	IJHS-55-2020-Issue-1	ijhs/Vol55_1_2020__Art06.pdf														
Vol55_1_2020__Art07	Project Report: Hundred Years of Forensic Science in India (1849–1947): A Historical Perspective	2020	IJHS-55-2020-Issue-1	ijhs/Vol55_1_2020__Art07.pdf														
Vol55_1_2020__Art08	Obituary to Dr Yukio Ôhashi	2020	IJHS-55-2020-Issue-1	ijhs/Vol55_1_2020__Art08.pdf														
Vol55_1_2020__contents	Contents	2020	IJHS-55-2020-Issue-1	ijhs/Vol55_1_2020__contents.pdf														
Vol55_2_2020__Art01	Precise Determination of the Ascendant in the Lagnaprakaraṇa–III	2020	IJHS-55-2020-Issue-2	ijhs/Vol55_2_2020__Art01.pdf														
Vol55_2_2020__Art02	G.M.M.C. Diploma of the Madras Medical College, 1847–1863	2020	IJHS-55-2020-Issue-2	ijhs/Vol55_2_2020__Art02.pdf														
Vol55_2_2020__Art03	The Silent Killer: Tracing the Trajectory of Tubercular Deaths in Colonial Bengal	2020	IJHS-55-2020-Issue-2	ijhs/Vol55_2_2020__Art03.pdf														
Vol55_2_2020__Art04	Fractal Geometry in Water Conservation Structures: Step Wells and Tanks in India	2020	IJHS-55-2020-Issue-2	ijhs/Vol55_2_2020__Art04.pdf														
Vol55_2_2020__Art05	The Wartime Correspondence (1939–1945) between South African Geologist A. L. du Toit and Indian...	2020	IJHS-55-2020-Issue-2	ijhs/Vol55_2_2020__Art05.pdf														
Vol55_2_2020__Art06	Historical Note: Traditional Use of Legume Seeds for Weighing Gold in India	2020	IJHS-55-2020-Issue-2	ijhs/Vol55_2_2020__Art06.pdf														
Vol55_2_2020__Art07	Project Report: Grahagaṇitādhyāya of Bhāskarācārya’s Siddhāntaśiromaṇi	2020	IJHS-55-2020-Issue-2	ijhs/Vol55_2_2020__Art07.pdf														
Vol55_2_2020__Art08	Seminar Report: Religious Art and Culture in 2019: Thousand Faces of the Buddha	2020	IJHS-55-2020-Issue-2	ijhs/Vol55_2_2020__Art08.pdf														
Vol55_2_2020__Contents	Contents	2020	IJHS-55-2020-Issue-2	ijhs/Vol55_2_2020__Contents.pdf														
Vol55_3_2020__Art01	Akṣara the Basic Unit of Time Measure in Ancient India	2020	IJHS-55-2020-Issue-3	ijhs/Vol55_3_2020__Art01.pdf														
Vol55_3_2020__Art02	History of Mining in India	2020	IJHS-55-2020-Issue-3	ijhs/Vol55_3_2020__Art02.pdf														
Vol55_3_2020__Art03	Hindi Protagonists of Science and Swadeshi in the First Half of the Twentieth Century	2020	IJHS-55-2020-Issue-3	ijhs/Vol55_3_2020__Art03.pdf														
Vol55_3_2020__Art04	Frédéric Sacc (1819–1890) Contribution to Plant and Animal Physiology	2020	IJHS-55-2020-Issue-3	ijhs/Vol55_3_2020__Art04.pdf														
Vol55_3_2020__Art05	The History and Functioning of the Forest Department in Madras Presidency during 1856–1882	2020	IJHS-55-2020-Issue-3	ijhs/Vol55_3_2020__Art05.pdf														
Vol55_3_2020__Art06	Historical Note: Kadambini Ganguly: A Forgotten Legend	2020	IJHS-55-2020-Issue-3	ijhs/Vol55_3_2020__Art06.pdf														
Vol55_3_2020__Art07	Historical Note: Nikhil Rajan Sen – The Formative Years	2020	IJHS-55-2020-Issue-3	ijhs/Vol55_3_2020__Art07.pdf														
Vol55_3_2020__Art08	Project Report: Meta-analytical Study of Cardiac Drugs described by Ibn Sina (980–1037) in the...	2020	IJHS-55-2020-Issue-3	ijhs/Vol55_3_2020__Art08.pdf														
Vol55_3_2020__Contents	Contents	2020	IJHS-55-2020-Issue-3	ijhs/Vol55_3_2020__Contents.pdf														
Vol55_4Contents	Contents	2020	IJHS-55-2020-Issue-4	ijhs/Vol55_4Contents.pdf														
Vol55_4_2020__AnnualContents	Annual Contents: Vol. 55.1-4 (2020)	2020	IJHS-55-2020-Issue-4	ijhs/Vol55_4_2020__AnnualContents.pdf														
Vol55_4_2020__Art01	The Epigraphic Evidences on Ayurveda and Indian Medical Heritage	2020	IJHS-55-2020-Issue-4	ijhs/Vol55_4_2020__Art01.pdf														
Vol55_4_2020__Art02	Historical Perspectives of Geological Concepts from Biblical to Modern Times	2020	IJHS-55-2020-Issue-4	ijhs/Vol55_4_2020__Art02.pdf														
Vol55_4_2020__Art03	Letters between Geologists A. L. du Toit and M. S. Krishnan (1946–1947) on the Palaeoposition of...	2020	IJHS-55-2020-Issue-4	ijhs/Vol55_4_2020__Art03.pdf														
Vol55_4_2020__Art04	Microscopic Imaging of Entrapped Slag in Ancient IronArtifact (300 BCE) from the Middle Ganga Plains	2020	IJHS-55-2020-Issue-4	ijhs/Vol55_4_2020__Art04.pdf														
Vol55_4_2020__Art05	Woods used in 10th Century Trans Himalayan Tabo Buddhist Monastery of India	2020	IJHS-55-2020-Issue-4	ijhs/Vol55_4_2020__Art05.pdf														
Vol55_4_2020__Art06	Historical Note: Plant Domestication in Indus Valley Civilisation	2020	IJHS-55-2020-Issue-4	ijhs/Vol55_4_2020__Art06.pdf														
Vol55_4_2020__Art07	Historical Note: Professor Manindra Chandra Chaki (1913 – 2007): A Legendary Indian Geometrician	2020	IJHS-55-2020-Issue-4	ijhs/Vol55_4_2020__Art07.pdf														
Vol55_4_2020__Art08	Correspondence: Retrograde motion: The Derivation of Formula	2020	IJHS-55-2020-Issue-4	ijhs/Vol55_4_2020__Art08.pdf														
Vol55_4_2020__Art09	Project Report: The Science and Technology of Manuscript Writing-aid and Folk Paintings in Medieval	2020	IJHS-55-2020-Issue-4	ijhs/Vol55_4_2020__Art09.pdf														
Vol55_4_2020__Art10	Indian Tradition of Palm Print Authentication and the Globetrotting Journey of Kohinoor Diamond	2020	IJHS-55-2020-Issue-4	ijhs/Vol55_4_2020__Art10.pdf														
Vol55_4_2020__CIndex	Cumulative Index: Vol 55.1-4	2020	IJHS-55-2020-Issue-4	ijhs/Vol55_4_2020__CIndex.pdf														
Vol_16_1_0_Address	Inaugural Address	1981	IJHS-16-1981-Issue-1	ijhs/Vol_16_1_0_Address.pdf														
ajpem_2022_silence	The Sound of Silence	2022.0	AJPEM	other/ajpem_2022_silence.pdf														
ajpem_2025_ethical_project	Visibility, a Tool to Ethical Project Management	2025.0	AJPEM	other/ajpem_2025_ethical_project.pdf														
ajpem_2025_no_laugh	Stupidity is not a laughing matter	2025.0	AJPEM	other/ajpem_2025_no_laugh.pdf														
ajpem_2025_sukanasopdesa	Śukanāśopadeśa for Project Managers	2025.0	AJPEM	other/ajpem_2025_sukanasopdesa.pdf														
ajpem_2026_the_whispering_halls	The Whispering Halls	2026.0	AJPEM	other/ajpem_2026_the_whispering_halls.pdf														
alt_2013_madhura_vijaya	Sound Play and the Madhurā Vijaya of Gaṅgādevī	2013.0	ALT 1.4	other/alt_2013_madhura_vijaya.pdf														
evolution_of_the_western_coastline_of_india_and_the_probable_location_of_dwaraka_of_krishna	Evolution of the Western Coastline of India and the Probable Location of Dwaraka of Krishna	2005.0	J. Geol. Soc. India 66.3	other/evolution_of_the_western_coastline_of_india_and_the_probable_location_of_dwaraka_of_krishna.pdf														
geographical_location_of_vedic_irina_in_southern_rajasthan	Geographical location of Vedic Iriṇa in Southern Rajasthan	2007.0	J. Geol. Soc. India 70.5	other/geographical_location_of_vedic_irina_in_southern_rajasthan.pdf														
ijts_2018_well_being	Well-being and Self-transformation in Indian Psychology	2018.0	IJTS 37.1	other/ijts_2018_well_being.pdf														
mahisvini_2024_kamsavadha	A Comparative Analysis of the Kaṁsavadha Episode in Select Sanskrit Mahākāvyas	2024.0	Mahasvini Vol. 2	other/mahisvini_2024_kamsavadha.pdf														
on_some_comet_observations_in_ancient_india	On some comet observations in ancient India	2006.0	J. Geol. Soc. India 67.3	other/on_some_comet_observations_in_ancient_india.pdf														
profile_of_indian_astronomy_before_siddhantic_period	A Profile of Indian Astronomy before the Siddhāntic Period	2007.0	ASERVE Conference Hyderabad	other/profile_of_indian_astronomy_before_siddhantic_period.pdf														
rni-extract-comets-meteors-vedas-2016	Comets and meteorites in the Ṛgveda	2016.0	International Conference on Oriental Astronomy	other/rni-extract-comets-meteors-vedas-2016.pdf														
rni-ichr-archaeo-astronomy-2018	Archaeo astronomy and Ancient Indian Chronology	2018.0	ICHR National Conference	other/rni-ichr-archaeo-astronomy-2018.pdf														
sadratnamaala-ihjs-2001-issue3&4	SADRATNAMĀLĀ OF ŚANKARAVARMAN	2001	IJHS-36-2001-Issue-3&4	ijhs/sadratnamaala-ihjs-2001-issue3&4.pdf	1551073	0468b70ac20846042e3c6b5095524796ba520c4ff72737fa0f8fb9f782391eaa	raster	64	0	64	64	0	0	35841	gemini-3-flash-preview	1	pdf_profile.v1	2026-09-19T00:23:35.810123+00:00
some_earthquakes_of_kashmir_from_historical_sources	Some earthquakes of Kashmir from historical sources	1996.0	Current Science 71.4	other/some_earthquakes_of_kashmir_from_historical_sources.pdf														
time-2015-haya-time-units-ancient-india	The Units of Time in Ancient and Medieval India	2017.0	HSSA-2017	other/time-2015-haya-time-units-ancient-india.pdf														
vddhagargiya_jyotisa_3	Vṛddhagārgīya Jyotiṣa (Part 3): Tithi-karma-guṇa	2019.0	Tattvadipa 25 (3-4)	other/vddhagargiya_jyotisa_3.pdf														
